Song,Artist,Danceability,Energy,Key,Loudness,Mode,Speechiness,Acousticness,Instrumentalness,Liveness,Valence,Tempo,Cluster
Cry to Me,Solomon Burke,0.733,0.624,4,-9.849,1,0.0374,0.623,0.0,0.407,0.912,114.586,7
"Independent Women, Pt. 1",Destiny's Child,0.73,0.602,6,-3.782,0,0.206,0.362,3.69e-06,0.169,0.927,97.954,1
Mad World (Feat. Michael Andrews),Gary Jules,0.345,0.0581,3,-17.217,1,0.0374,0.976,0.000366,0.103,0.304,174.117,2
It'S A Kind Of Magic (Highlander),Queen,0.616,0.638,9,-11.878,1,0.035,0.0154,0.455,0.321,0.498,130.007,4
The Times They Are A-Changin',Bob Dylan,0.389,0.396,7,-7.999,1,0.0332,0.887,0.0,0.0828,0.585,171.86,2
Be My Baby,The Ronettes,0.511,0.769,4,-7.032,1,0.042,0.181,0.0,0.0921,0.818,129.657,5
Wind Beneath My Wings,Bette Midler,0.51,0.458,10,-7.566,1,0.0289,0.551,0.0,0.0853,0.177,123.694,2
Against All Odds - Live,Phil Collins,0.355,0.448,5,-10.929,0,0.0388,0.458,0.794,0.779,0.229,99.147,4
Into the Groove,Madonna,0.729,0.856,10,-4.164,0,0.035,0.0658,0.00832,0.0691,0.804,116.467,1
Raindrops Keep Falling on my Head,B.J. Thomas,0.579,0.433,5,-10.826,1,0.0471,0.776,0.00307,0.232,0.708,105.508,2
Oh Yeah - Remastered 2005,Yello,0.746,0.911,6,-7.931,1,0.0633,0.00612,0.844,0.0464,0.774,132.608,4
Come Together,Michael Jackson,0.825,0.775,11,-6.161,0,0.0381,0.112,0.000678,0.0782,0.765,89.601,1
Magic Dance,David Bowie,0.729,0.694,6,-12.756,0,0.0404,0.0536,0.0,0.274,0.735,105.823,1
Flash - Single Version,Queen,0.48,0.654,4,-11.353,0,0.118,0.186,0.0208,0.11,0.208,108.449,0
You're The Best,"Joe ""Bean"" Esposito",0.546,0.924,4,-4.174,0,0.0458,0.23,0.0,0.442,0.713,94.311,7
Pretty In Pink,The Psychedelic Furs,0.623,0.543,2,-13.304,1,0.0276,0.0271,0.00771,0.154,0.8,132.391,5
Son Of A Preacher Man,Dusty Springfield,0.41,0.487,4,-12.4,1,0.146,0.596,0.0,0.101,0.811,181.972,2
"My Heart Will Go On - Love Theme from ""Titanic""",Céline Dion,0.428,0.276,4,-11.729,1,0.0312,0.732,5.33e-06,0.117,0.0382,99.195,2
Stand by Me,Ben E. King,0.65,0.306,9,-9.443,1,0.0393,0.57,7.07e-06,0.0707,0.605,118.068,2
"Love Is All Around - From ""Four Weddings and a Funeral"" Original Motion Picture Soundtrack",Wet Wet Wet,0.438,0.673,10,-7.7,1,0.0314,0.255,0.0,0.208,0.596,169.851,3
"Mrs. Robinson - From ""The Graduate"" Soundtrack",Simon & Garfunkel,0.606,0.457,6,-14.035,0,0.0497,0.713,2.53e-05,0.0747,0.813,92.033,2
Singin' In The Rain,Gene Kelly,0.354,0.241,5,-13.811,1,0.0334,0.889,0.000274,0.165,0.408,135.646,2
My Sharona,The Knack,0.586,0.7,0,-9.558,1,0.0363,0.0589,0.00125,0.0318,0.897,147.245,5
"Take My Breath Away - Love Theme from ""Top Gun""",Berlin,0.497,0.719,6,-9.397,1,0.0266,0.0613,0.0,0.411,0.547,95.769,7
Live And Let Die,Paul McCartney,0.356,0.479,7,-11.513,1,0.0632,0.093,0.000158,0.291,0.208,152.563,3
When You Believe (with Mariah Carey) - from The Prince of Egypt,Whitney Houston,0.436,0.39,1,-9.62,0,0.0326,0.557,0.0,0.12,0.119,125.313,2
Axel F,Harold Faltermeyer,0.801,0.379,1,-20.795,1,0.112,0.0216,0.816,0.0836,0.552,117.168,4
Lovefool - Radio Edit,The Cardigans,0.648,0.688,9,-4.671,1,0.0282,0.0251,3.08e-06,0.149,0.937,111.854,5
Call Me,Blondie,0.551,0.628,2,-13.799,1,0.036,0.0336,0.000194,0.151,0.777,142.167,5
"Never Ending Story - Giorgio Mix 7""",Limahl,0.596,0.64,0,-12.821,1,0.0295,0.0436,0.000198,0.063,0.65,122.184,5
9 To 5,Dolly Parton,0.554,0.783,6,-5.852,1,0.0457,0.416,1.54e-06,0.631,0.813,105.39,7
"You're The One That I Want - From ""Grease"" Original Motion Picture Soundtrack",John Travolta,0.762,0.608,0,-11.36,1,0.0644,0.294,0.00148,0.117,0.841,106.931,5
"Lose Yourself - From ""8 Mile"" Soundtrack",Eminem,0.701,0.728,2,-4.554,1,0.255,0.00971,0.00115,0.361,0.0591,171.388,6
"Lady Marmalade - From ""Moulin Rouge"" Soundtrack",Christina Aguilera,0.76,0.801,5,-3.769,1,0.0534,0.0144,1.49e-05,0.665,0.653,109.919,7
"Footloose - From ""Footloose"" Soundtrack",Kenny Loggins,0.583,0.905,2,-6.132,1,0.0733,0.0984,0.00019,0.0593,0.646,173.982,3
"Holding Out for a Hero - From ""Footloose"" Soundtrack",Bonnie Tyler,0.622,0.957,9,-3.197,0,0.0633,0.0188,8.14e-06,0.0456,0.865,150.02,1
My Girl,The Temptations,0.572,0.418,0,-10.738,1,0.0349,0.635,0.0,0.0961,0.694,104.566,2
Iris,The Goo Goo Dolls,0.291,0.79,11,-5.683,0,0.0363,0.00133,5.61e-06,0.0811,0.513,155.667,3
Gangsta's Paradise (feat. L.V.),Coolio,0.641,0.63,8,-6.393,1,0.0521,0.0372,0.0,0.4,0.415,79.955,7
"Stayin' Alive - From ""Saturday Night Fever"" Soundtrack",Bee Gees,0.706,0.563,10,-15.564,0,0.0342,0.0704,0.00151,0.152,0.955,103.613,1
"I Don't Want to Miss a Thing - From ""Armageddon"" Soundtrack",Aerosmith,0.383,0.662,2,-5.162,1,0.0333,0.165,0.0,0.248,0.138,121.154,3
Purple Rain,Prince,0.367,0.452,10,-10.422,1,0.0307,0.0353,0.00228,0.689,0.189,113.066,7
"Oh, Pretty Woman",Roy Orbison,0.608,0.582,9,-9.734,1,0.0355,0.725,0.0,0.0854,0.952,127.297,2
Hold On,Wilson Phillips,0.679,0.657,5,-9.897,1,0.0255,0.4,0.0,0.0497,0.546,97.8,0
Can't Fight The Moonlight,LeAnn Rimes,0.628,0.834,6,-6.341,0,0.0497,0.403,0.0,0.051,0.626,97.865,1
"Nothing's Gonna Stop Us Now (From ""Mannequin"")",Starship,0.67,0.703,6,-6.828,1,0.0214,0.00193,0.0,0.0895,0.575,96.014,5
Eye of the Tiger,Survivor,0.817,0.599,0,-9.249,0,0.0328,0.132,0.000311,0.0873,0.548,108.873,1
Stuck In The Middle With You,Stealers Wheel,0.745,0.616,7,-8.851,1,0.0351,0.0536,0.000507,0.139,0.961,124.437,5
"Men In Black - From ""Men In Black"" Soundtrack",Will Smith,0.8,0.586,5,-8.396,0,0.066,0.092,0.00115,0.109,0.686,107.543,1
Flashdance...What a Feeling (Re-Recorded),Irene Cara,0.66,0.711,10,-4.95,1,0.0325,0.364,1.01e-06,0.0797,0.749,121.982,5
STARSTRUKK (feat. Katy Perry),3OH!3,0.607,0.805,11,-5.579,0,0.0608,0.00175,0.0,0.231,0.232,139.894,3
Give Me Just One Night (Una Noche),98º,0.543,0.79,0,-6.145,1,0.0491,0.0513,3.55e-06,0.0981,0.655,123.631,5
Caught in the Middle,A1,0.519,0.874,5,-5.122,1,0.034,0.0524,0.0,0.243,0.572,96.072,5
I Want Candy,Aaron Carter,0.787,0.904,8,-4.483,1,0.0674,0.00836,0.00104,0.0803,0.954,110.029,5
Ain't No Other Man,Christina Aguilera,0.862,0.742,7,-4.722,1,0.222,0.00376,0.00855,0.103,0.511,127.91,6
Make You Feel My Love,Adele,0.559,0.172,10,-10.636,1,0.0291,0.907,0.000383,0.105,0.0955,77.025,2
Release Me,Agnes,0.621,0.923,2,-3.124,0,0.0321,0.00645,7.28e-05,0.108,0.716,127.973,1
Let's Get Excited,Alesha Dixon,0.699,0.908,9,-3.602,0,0.0498,0.00115,3.43e-06,0.124,0.691,155.958,1
All Night Long (feat. Pitbull) - Single Version,Alexandra Burke,0.652,0.908,8,-4.5,1,0.11,0.236,0.0,0.0769,0.648,119.95,5
Black Coffee,All Saints,0.673,0.7,9,-7.484,1,0.0287,0.0183,0.00174,0.0756,0.503,120.01,5
Misfit,Amy Studt,0.627,0.736,4,-6.315,1,0.0422,0.0386,0.000136,0.343,0.704,87.991,7
Love Is A Losing Game,Amy Winehouse,0.484,0.293,0,-16.544,1,0.0311,0.337,0.00627,0.146,0.562,165.008,2
Fantasy,Appleton,0.502,0.752,9,-5.189,1,0.118,0.172,0.0,0.207,0.529,165.979,3
Take On Me,A1,0.562,0.931,9,-4.809,1,0.0469,0.0859,1.95e-06,0.269,0.537,165.081,3
Sooner Or Later,Aaron Carter,0.737,0.731,5,-6.787,0,0.0358,0.12,1.29e-05,0.0731,0.435,111.955,1
Hometown Glory,Adele,0.451,0.336,10,-8.517,0,0.0368,0.962,3.41e-05,0.102,0.211,122.299,2
Cartoon Heroes - Radio Edit,Aqua,0.679,0.989,1,-3.896,1,0.0517,0.0195,0.0,0.0588,0.801,128.03,5
Breathe Slow,Alesha Dixon,0.722,0.638,8,-5.026,0,0.0327,0.249,0.0,0.31,0.459,120.004,1
Broken Heels - Single Mix,Alexandra Burke,0.628,0.774,1,-3.876,1,0.127,0.032,0.0,0.422,0.392,166.032,7
Rock Steady,All Saints,0.625,0.93,9,-3.405,0,0.0646,0.00982,2.05e-05,0.42,0.768,137.015,7
Shine,Aswad,0.764,0.87,2,-5.54,0,0.0519,0.0153,0.00222,0.0545,0.532,104.982,1
Fuck Me Pumps,Amy Winehouse,0.89,0.48,7,-6.914,1,0.103,0.0715,0.0,0.11,0.653,102.999,5
Don't Worry - Single Version,Appleton,0.494,0.533,4,-9.567,1,0.0268,0.00361,0.000115,0.136,0.249,145.864,3
Same Old Brand New You,A1,0.809,0.918,11,-4.347,0,0.0348,0.0951,0.000225,0.0672,0.645,107.011,1
I'm All About You,Aaron Carter,0.671,0.646,0,-7.544,1,0.0267,0.0629,0.0,0.0862,0.374,91.984,0
It's OK!,Atomic Kitten,0.658,0.557,2,-4.292,1,0.0312,0.038,0.0,0.385,0.49,89.996,7
Around The World,Aqua,0.705,0.976,6,-4.261,1,0.0309,0.00213,0.000158,0.342,0.967,129.952,7
The Boy Does Nothing,Alesha Dixon,0.632,0.972,3,-2.423,0,0.121,0.121,7.74e-05,0.0317,0.845,87.0,1
The Call,Backstreet Boys,0.696,0.874,10,-3.318,0,0.0772,0.117,0.0,0.331,0.747,104.196,1
Day And Night - StarGate Mix,Billie Piper,0.711,0.83,5,-3.372,0,0.0338,0.555,0.000132,0.059,0.924,105.987,1
Don't Lie,Black Eyed Peas,0.652,0.787,6,-5.291,0,0.174,0.157,0.0,0.0603,0.596,89.893,1
Too Close,Blue,0.789,0.761,2,-2.905,1,0.0377,0.00673,0.0,0.0372,0.735,102.422,5
Full Moon,Brandy,0.611,0.654,10,-4.823,0,0.139,0.372,0.00432,0.0926,0.609,105.922,1
Real to Me,Brian McFadden,0.381,0.581,3,-6.977,1,0.0289,0.0173,0.0,0.142,0.185,165.741,3
Piece of Me,Britney Spears,0.769,0.638,11,-5.054,1,0.216,0.0902,0.0,0.0857,0.782,115.007,5
The Last Goodbye,Atomic Kitten,0.671,0.635,6,-5.534,1,0.0682,0.234,0.000855,0.0885,0.918,83.015,5
Back To The 80´s,Aqua,0.7,0.77,6,-5.172,1,0.0332,0.00422,6.2e-05,0.0679,0.791,128.017,5
Sleeping With The Light On,Busted,0.456,0.614,8,-8.589,1,0.0259,0.00503,0.0,0.0656,0.605,173.945,3
Incomplete,Backstreet Boys,0.437,0.589,4,-4.834,1,0.0331,0.231,0.0,0.0768,0.165,133.631,3
Show Me What I'm Looking For,Carolina Liar,0.449,0.864,9,-1.159,0,0.0378,0.0133,1.31e-06,0.0984,0.355,105.121,1
Let's Get It Started - Spike Mix,Black Eyed Peas,0.783,0.794,11,-2.231,0,0.12,0.105,0.0,0.304,0.803,104.953,1
If You Come Back,Blue,0.582,0.707,10,-4.487,1,0.0319,0.0822,0.0,0.0467,0.701,78.375,5
Taking Chances,Céline Dion,0.266,0.536,2,-5.613,1,0.0357,0.0198,0.0,0.157,0.25,176.063,3
Almost Here,Brian McFadden,0.561,0.452,9,-7.324,0,0.0336,0.409,0.0,0.106,0.316,77.984,0
Radar,Britney Spears,0.642,0.722,4,-4.845,0,0.167,0.293,0.0,0.337,0.513,127.959,1
If You Come To Me,Atomic Kitten,0.664,0.868,10,-3.654,1,0.0432,0.118,0.00135,0.0894,0.87,80.805,5
Crazy Chick,Charlotte Church,0.665,0.94,0,-2.788,1,0.0313,0.0171,1.07e-06,0.107,0.774,134.903,5
3 Words,Cheryl,0.75,0.58,9,-7.505,1,0.0319,0.713,0.00318,0.0986,0.51,130.024,2
AM To PM,Christina Milian,0.87,0.876,0,-2.999,0,0.117,0.146,1.55e-05,0.841,0.861,104.985,7
Rock That Body,Black Eyed Peas,0.715,0.907,7,-6.025,0,0.0993,0.0172,8.39e-05,0.426,0.841,124.992,7
Fly By II,Blue,0.762,0.677,2,-3.885,0,0.0413,0.0248,0.0,0.0787,0.741,96.686,1
Fallin' For You,Colbie Caillat,0.645,0.825,4,-6.473,1,0.0273,0.161,0.0,0.114,0.641,117.037,5
Gotta Get Thru This - D'N'D Radio Edit,Daniel Bedingfield,0.838,0.764,7,-5.076,0,0.0586,0.0862,0.000122,0.0906,0.924,133.592,1
Break the Ice,Britney Spears,0.712,0.911,5,-3.866,0,0.0445,0.689,8.02e-06,0.107,0.85,117.533,1
Someone Like Me,Atomic Kitten,0.624,0.285,10,-11.067,1,0.0309,0.96,2.72e-05,0.114,0.316,109.845,2
I Begin to Wonder,Dannii Minogue,0.768,0.741,1,-9.252,0,0.0423,0.0234,7.2e-05,0.242,0.95,125.06,1
Parachute,Cheryl,0.8,0.729,0,-6.911,1,0.0416,0.00704,0.000565,0.115,0.837,116.025,5
Candyman,Christina Aguilera,0.686,0.789,8,-4.713,0,0.23,0.0125,0.0147,0.142,0.72,172.976,1
When You Look At Me - Radio Edit,Christina Milian,0.963,0.835,3,-3.394,0,0.137,0.08,0.000217,0.0774,0.852,108.976,1
Colourblind,Darius,0.737,0.652,2,-4.393,1,0.0335,0.038,0.0,0.0699,0.881,108.175,5
Guilty,Blue,0.557,0.636,6,-4.796,1,0.0282,0.105,4.95e-06,0.241,0.421,78.797,0
I Never Told You,Colbie Caillat,0.498,0.634,3,-5.214,1,0.0288,0.166,0.0,0.3,0.36,144.104,3
Never Gonna Leave Your Side,Daniel Bedingfield,0.505,0.569,7,-6.332,1,0.0303,0.314,0.0,0.434,0.346,140.022,7
Overprotected - Radio Edit,Britney Spears,0.682,0.894,0,-1.73,0,0.0727,0.0381,0.0,0.416,0.845,95.992,7
Eternal Flame - Single Version,Atomic Kitten,0.578,0.581,0,-6.867,1,0.0318,0.0658,0.0042,0.0674,0.408,83.293,0
Insatiable,Darren Hayes,0.67,0.847,0,-5.449,0,0.0545,0.0974,0.0,0.0842,0.852,143.872,1
The Time of My Life,David Cook,0.414,0.578,8,-6.383,1,0.0287,0.0541,0.0,0.124,0.281,154.96,3
Hurt,Christina Aguilera,0.327,0.295,4,-6.907,0,0.0313,0.775,0.0,0.107,0.143,148.574,2
Dip It Low,Christina Milian,0.752,0.722,11,-4.207,0,0.104,0.0108,0.000536,0.0753,0.612,169.131,1
Dance with Me,Debelah Morgan,0.85,0.674,7,-7.981,0,0.0373,0.309,0.000645,0.0356,0.74,115.005,1
Breathe Easy,Blue,0.297,0.72,7,-5.432,1,0.0418,0.043,0.0,0.118,0.279,159.939,3
Born to Try,Delta Goodrem,0.542,0.589,8,-6.813,1,0.0284,0.246,0.0,0.188,0.336,133.838,3
Rockferry,Duffy,0.424,0.885,7,-3.654,1,0.0332,0.0226,0.016,0.235,0.378,88.006,0
Don't Let Me Be the Last to Know,Britney Spears,0.632,0.756,4,-6.567,1,0.0417,0.159,0.0,0.273,0.713,138.96,7
Pack Up,Eliza Doolittle,0.672,0.809,11,-5.704,1,0.0595,0.325,0.0,0.336,0.88,133.036,7
Lights - Single Version,Ellie Goulding,0.682,0.795,8,-6.17,0,0.0367,0.0297,0.0391,0.131,0.78,120.008,1
I Want Love,Elton John,0.444,0.697,9,-5.549,1,0.0281,0.0659,6.09e-05,0.37,0.36,142.971,3
The Voice Within,Christina Aguilera,0.484,0.439,2,-5.995,1,0.0336,0.556,0.0,0.251,0.157,69.945,0
What Took You So Long?,Emma Bunton,0.668,0.772,9,-5.4,0,0.0307,0.123,0.0,0.341,0.911,118.011,1
Love To See You Cry,Enrique Iglesias,0.743,0.796,10,-5.868,0,0.0349,0.134,0.00218,0.0963,0.675,122.991,1
Only Time,Enya,0.418,0.249,3,-13.744,1,0.0301,0.841,0.661,0.112,0.213,82.803,4
Lost Without You,Delta Goodrem,0.581,0.747,7,-6.682,1,0.0283,0.0365,1.69e-06,0.193,0.514,146.301,3
Stepping Stone,Duffy,0.694,0.523,2,-6.407,0,0.0254,0.875,0.000172,0.352,0.472,97.985,2
Mushaboom,Feist,0.729,0.531,8,-8.707,1,0.0322,0.268,0.00165,0.0671,0.83,88.753,5
Clumsy,Fergie,0.731,0.563,2,-4.046,1,0.131,0.191,0.00042,0.296,0.452,184.009,7
We Will Rock You - Radio Edit,Five,0.552,0.857,4,-6.108,0,0.201,0.0179,0.0,0.211,0.414,179.909,3
Sugar (feat. Wynter),Flo Rida,0.738,0.868,1,-4.15,1,0.0348,0.0371,0.0,0.294,0.199,130.003,7
F.U.R.B. (F U Right Back),Frankee,0.788,0.635,8,-2.922,1,0.135,0.0993,9.9e-06,0.292,0.601,141.019,7
Take My Breath Away,Emma Bunton,0.653,0.76,7,-4.709,1,0.0315,0.261,1.16e-05,0.0705,0.61,91.987,5
Takin' Back My Love,Enrique Iglesias,0.739,0.75,6,-4.778,0,0.0339,0.0137,9.54e-06,0.158,0.431,124.958,1
Sweet About Me,Gabriella Cilmi,0.671,0.701,6,-5.035,1,0.0288,0.0607,2.7e-06,0.163,0.585,131.977,5
Sunshine,Gabrielle,0.682,0.629,9,-5.815,1,0.0233,0.0409,0.0,0.0627,0.612,93.488,5
I'm Scared,Duffy,0.514,0.435,9,-7.772,1,0.0288,0.429,2.18e-05,0.152,0.408,90.078,0
Mi chico latino,Geri Halliwell,0.631,0.913,0,-6.076,0,0.133,0.491,0.0,0.379,0.684,102.011,7
Biology,Girls Aloud,0.542,0.959,2,-2.882,1,0.0548,0.0326,4.53e-05,0.114,0.713,145.667,5
Let's Dance - Radio Edit,Five,0.631,0.821,4,-7.852,0,0.0868,0.00868,0.000287,0.293,0.537,118.003,1
Smiley Faces,Gnarls Barkley,0.558,0.884,10,-2.647,0,0.0376,0.00924,0.0,0.33,0.622,86.985,1
Cool,Gwen Stefani,0.709,0.721,2,-3.52,1,0.0281,0.0322,0.000309,0.355,0.801,112.019,7
What I Am,Emma Bunton,0.684,0.848,7,-3.496,1,0.0388,0.291,0.106,0.0882,0.831,89.016,5
Clothes Off!!,Gym Class Heroes,0.761,0.69,11,-5.56,1,0.11,0.0225,0.0,0.34,0.742,114.987,7
Sanctuary,Gabriella Cilmi,0.639,0.731,8,-5.634,1,0.0251,0.0779,0.0,0.219,0.546,98.037,5
When A Woman,Gabrielle,0.491,0.729,2,-6.242,1,0.0413,0.249,5.73e-06,0.079,0.882,73.755,5
Rain On Your Parade,Duffy,0.479,0.749,4,-3.478,0,0.0461,0.0338,1.46e-06,0.471,0.241,139.675,7
Fly,Hilary Duff,0.292,0.805,4,-3.573,0,0.0444,0.0328,0.0173,0.0817,0.361,184.284,3
Walk This Way,Girls Aloud,0.703,0.736,1,-7.497,1,0.106,0.000687,0.0,0.066,0.774,109.98,5
Kiss Kiss,Holly Valance,0.705,0.717,4,-4.944,0,0.125,0.00369,0.461,0.0701,0.554,97.036,4
1973,James Blunt,0.72,0.668,9,-7.928,1,0.0269,0.0652,0.00664,0.0789,0.768,123.007,5
Wind It Up,Gwen Stefani,0.961,0.9,8,-6.874,1,0.0678,0.309,0.000199,0.354,0.95,120.006,7
Please Don't Stop The Rain,James Morrison,0.5,0.819,0,-4.548,1,0.0729,0.0607,0.0,0.0709,0.679,160.125,3
Seven Days in Sunny June,Jamiroquai,0.707,0.797,7,-7.143,1,0.0435,0.2,0.0,0.302,0.633,105.395,7
The Remedy (I Won't Worry),Jason Mraz,0.589,0.867,10,-4.523,1,0.0385,0.04,0.0,0.306,0.795,94.519,7
They,Jem,0.728,0.817,5,-5.61,1,0.0413,0.0237,2.23e-05,0.115,0.729,129.978,5
Do It Well,Jennifer Lopez,0.763,0.81,5,-5.118,0,0.0861,0.0311,0.0,0.316,0.437,108.004,1
Someone's Watching Over Me,Hilary Duff,0.475,0.716,4,-4.608,1,0.0324,0.119,1.92e-05,0.11,0.432,151.996,3
The Promise,Girls Aloud,0.582,0.898,9,-4.604,1,0.0568,0.00212,0.0,0.234,0.803,90.05,5
Stranded,Jennifer Paige,0.427,0.89,1,-3.628,1,0.0446,0.0334,0.0,0.272,0.303,91.929,0
Same Mistake,James Blunt,0.46,0.509,10,-7.666,1,0.0263,0.466,0.000434,0.122,0.194,77.613,0
How Do You Sleep? - Radio Edit Remix,Jesse McCartney,0.747,0.878,8,-3.533,1,0.0282,0.343,0.0,0.0872,0.557,106.004,5
Wonderful World,James Morrison,0.474,0.71,1,-4.606,1,0.029,0.0548,0.0,0.0974,0.591,78.969,0
These Boots Are Made for Walkin',Jessica Simpson,0.782,0.78,11,-9.293,1,0.144,0.0104,0.000464,0.209,0.745,91.983,5
Lucky,Jason Mraz,0.623,0.417,0,-8.699,1,0.0354,0.296,0.0,0.135,0.721,130.032,5
Intuition,Jewel,0.718,0.798,7,-4.309,1,0.0584,0.00447,0.00629,0.064,0.816,100.031,5
Baby I Love U!,Jennifer Lopez,0.832,0.683,2,-6.335,1,0.0449,0.0144,0.155,0.0578,0.37,111.978,5
So Yesterday,Hilary Duff,0.552,0.802,0,-3.799,1,0.0615,0.215,0.0,0.275,0.776,78.21,7
No Good Advice,Girls Aloud,0.593,0.849,5,-4.965,0,0.0441,7.84e-05,4.37e-06,0.0403,0.889,148.017,1
The Climb,Joe McElderry,0.35,0.547,10,-5.399,1,0.0306,0.611,0.0,0.169,0.322,79.427,0
Carry You Home,James Blunt,0.582,0.507,2,-9.021,1,0.0313,0.671,1.21e-06,0.136,0.217,83.019,2
Clarity,John Mayer,0.666,0.713,2,-3.551,1,0.0384,0.172,0.032,0.177,0.491,94.71,5
"Too Little, Too Late",JoJo,0.538,0.801,6,-5.253,0,0.0435,0.0095,8.67e-06,0.106,0.721,83.002,1
Lovebug,Jonas Brothers,0.597,0.499,4,-6.216,1,0.0581,0.126,0.0,0.214,0.521,79.071,0
Battlefield,Jordin Sparks,0.613,0.634,2,-3.472,1,0.0339,0.0178,0.0,0.0639,0.37,144.953,3
I'd Rather Be With You [Radio Edit],Joshua Radin,0.512,0.671,1,-7.738,1,0.0283,0.0314,0.161,0.0749,0.397,82.342,0
Right To Be Wrong,Joss Stone,0.595,0.607,2,-6.445,1,0.0373,0.204,0.0,0.0847,0.337,148.15,3
Come Clean,Hilary Duff,0.577,0.892,8,-5.121,0,0.0675,0.016,6.39e-05,0.299,0.454,118.096,1
Life Got Cold - Radio Version,Girls Aloud,0.631,0.66,2,-6.849,0,0.0275,0.0296,2.02e-05,0.424,0.517,89.013,7
Thinking Of You,Katy Perry,0.431,0.803,4,-4.459,1,0.0364,0.00167,0.0,0.331,0.309,147.048,3
High,James Blunt,0.541,0.602,10,-6.033,1,0.0257,0.259,1.37e-06,0.125,0.446,81.32,0
Lil Star,Kelis,0.85,0.707,9,-6.18,1,0.0423,0.102,1.57e-06,0.337,0.625,119.994,7
Already Gone,Kelly Clarkson,0.209,0.872,9,-2.996,1,0.0757,0.217,0.0,0.0768,0.294,78.139,0
Changes,Kelly Osbourne,0.214,0.147,0,-13.876,1,0.0291,0.837,2.28e-05,0.13,0.114,81.844,2
Tattoo,Jordin Sparks,0.566,0.766,2,-5.036,1,0.0399,0.431,0.0,0.101,0.547,168.005,3
With Every Heartbeat,Kleerup,0.499,0.874,4,-4.001,0,0.0397,0.00965,0.00028,0.238,0.377,120.872,1
Super Duper Love,Joss Stone,0.69,0.767,11,-3.411,0,0.14,0.0207,0.0,0.131,0.668,187.993,1
Why Not,Hilary Duff,0.49,0.843,4,-4.849,1,0.0478,0.0706,0.0,0.104,0.564,112.85,5
Call The Shots,Girls Aloud,0.638,0.735,11,-5.414,0,0.0306,0.00359,0.000181,0.174,0.819,125.076,1
Goodbye,Kristinia DeBarge,0.777,0.82,1,-3.211,0,0.0471,0.00505,2.6e-05,0.142,0.651,119.987,1
Suddenly I See,KT Tunstall,0.587,0.767,0,-5.713,1,0.0449,0.225,0.0,0.112,0.664,100.38,5
Suddenly I See,KT Tunstall,0.587,0.767,0,-5.713,1,0.0449,0.225,0.0,0.112,0.664,100.38,5
Suddenly I See,KT Tunstall,0.587,0.767,0,-5.713,1,0.0449,0.225,0.0,0.112,0.664,100.38,5
Suddenly I See,KT Tunstall,0.587,0.767,0,-5.713,1,0.0449,0.225,0.0,0.112,0.664,100.38,5
Slow,Kylie Minogue,0.772,0.845,6,-8.082,1,0.0468,0.0133,0.166,0.139,0.573,114.997,5
You And I,Lady Gaga,0.521,0.701,2,-5.238,1,0.0458,0.0892,0.0,0.0876,0.518,127.087,5
Life Goes On,LeAnn Rimes,0.558,0.851,2,-4.561,1,0.106,0.174,0.0,0.553,0.85,191.964,7
One Step At a Time,Jordin Sparks,0.766,0.692,1,-4.672,1,0.0289,0.0825,0.0,0.0384,0.691,102.028,5
Happy,Leona Lewis,0.492,0.641,0,-5.296,1,0.0448,0.459,0.0,0.0809,0.235,76.07,0
Got To Have Your Love,Liberty X,0.678,0.782,1,-5.885,1,0.043,0.0047,1.23e-06,0.0568,0.841,106.692,5
LDN,Lily Allen,0.675,0.631,5,-7.56,1,0.0261,0.0147,4.39e-06,0.379,0.917,100.027,7
8-3-1 - Remastered,Lisa Stansfield,0.716,0.726,11,-5.384,0,0.0352,0.0119,0.0,0.0672,0.609,115.999,1
Remedy,Little Boots,0.586,0.804,6,-2.998,0,0.0475,0.0332,0.0,0.242,0.81,128.963,1
Stuck in the Middle with You,Louise,0.803,0.838,9,-4.715,1,0.0457,0.394,3.49e-05,0.146,0.849,126.286,5
Love at First Sight,Kylie Minogue,0.603,0.774,3,-6.066,0,0.0428,0.0288,0.051,0.0533,0.48,124.994,1
Don't Say You Love Me,M2M,0.627,0.723,1,-6.241,0,0.0341,0.0141,3.66e-05,0.118,0.596,97.555,1
Sweet Baby (feat. Erykah Badu),Macy Gray,0.487,0.774,11,-5.096,1,0.0487,0.224,0.0,0.145,0.415,80.928,0
American Life,Madonna,0.787,0.583,11,-7.16,0,0.176,0.0438,0.0,0.282,0.706,101.96,1
Forgive Me,Leona Lewis,0.738,0.791,5,-5.346,1,0.0767,0.0105,0.0,0.0225,0.557,120.004,5
Thank God I Found You (feat. Joe & 98°),Mariah Carey,0.348,0.532,10,-5.882,1,0.0331,0.592,0.0,0.106,0.148,129.297,3
Four Minute Warning,Mark Owen,0.601,0.914,0,-3.757,1,0.0358,0.0532,0.0,0.143,0.51,122.018,5
Oh My God (feat. Lily Allen),Mark Ronson,0.76,0.809,4,-5.361,0,0.31,0.106,0.000123,0.327,0.56,88.468,6
Makes Me Wonder,Maroon 5,0.803,0.851,7,-2.429,1,0.0357,0.00485,0.000358,0.0577,0.881,113.996,5
I'm Over You,Martine McCutcheon,0.545,0.807,0,-4.534,1,0.0458,0.0894,1.79e-06,0.415,0.435,142.016,7
2 Hearts,Kylie Minogue,0.667,0.621,7,-5.229,0,0.035,9.31e-05,4.33e-05,0.0572,0.492,111.996,1
The Day You Went Away,M2M,0.511,0.734,11,-6.789,0,0.0297,0.0495,9.93e-06,0.299,0.801,188.216,3
Big City Life,Mattafix,0.69,0.618,2,-9.36,1,0.0904,0.0175,3.26e-06,0.0891,0.733,174.038,5
Hollywood,Madonna,0.647,0.588,11,-7.519,0,0.0401,0.0554,0.000225,0.277,0.604,125.992,1
I Turn To You,Melanie C,0.522,0.803,1,-5.825,1,0.0327,0.00117,0.00167,0.31,0.0783,135.205,3
Get Your Number,Mariah Carey,0.798,0.676,6,-6.799,0,0.203,0.208,0.0,0.243,0.697,100.008,1
All This Time,Michelle McManus,0.528,0.639,6,-4.879,1,0.0313,0.614,5.03e-06,0.111,0.308,128.231,0
Big Girl (You Are Beautiful),MIKA,0.797,0.75,11,-6.324,1,0.0773,0.0384,0.0,0.232,0.808,116.005,5
7 Things,Miley Cyrus,0.591,0.904,1,-4.478,0,0.0359,0.0244,0.0,0.0786,0.542,107.027,1
Ayo Technology,Milow,0.775,0.657,11,-7.645,0,0.0338,0.641,0.0,0.0999,0.776,128.06,1
Real Girl,Mutya Buena,0.615,0.922,9,-3.312,1,0.122,0.0534,0.0,0.258,0.879,85.463,7
Pretty Boy,M2M,0.579,0.611,1,-6.188,1,0.0223,0.0257,0.0,0.145,0.199,87.09,0
"Roc Ya Body ""Mic Check 1, 2""",M.V.P.,0.852,0.726,1,-7.316,1,0.129,0.0944,0.0,0.223,0.765,103.044,5
Jump,Madonna,0.629,0.839,9,-7.061,1,0.0899,0.0018,0.0859,0.251,0.449,118.979,7
Never Be The Same Again,Melanie C,0.689,0.685,3,-5.153,1,0.0478,0.0921,0.0,0.119,0.398,160.067,3
Goin' Crazy,Natalie,0.6,0.556,1,-7.294,1,0.026,0.624,0.00735,0.0837,0.233,105.957,0
Shiver,Natalie Imbruglia,0.489,0.798,1,-4.49,1,0.0316,0.00115,2.81e-06,0.149,0.309,94.163,0
Happy Ending,MIKA,0.564,0.437,1,-8.375,1,0.0285,0.552,0.0,0.217,0.307,96.018,2
Love Like This (feat. Sean Kingston),Natasha Bedingfield,0.775,0.729,7,-5.373,0,0.0491,0.15,0.0,0.165,0.923,77.002,1
Try,Nelly Furtado,0.623,0.588,7,-7.457,1,0.0304,0.0588,0.000346,0.437,0.317,93.922,7
Sophia - remastered,Nerina Pallot,0.529,0.284,2,-7.534,1,0.0294,0.901,0.0,0.0966,0.413,86.948,2
This I Swear,Nick Lachey,0.488,0.443,7,-6.967,1,0.0276,0.0457,0.0,0.103,0.192,146.952,3
Hey Baby,No Doubt,0.705,0.872,11,-3.557,0,0.125,0.0602,0.0,0.228,0.746,93.63,1
Give It 2 Me,Madonna,0.837,0.954,8,-3.512,0,0.0414,0.0933,0.000405,0.143,0.972,127.019,1
First Day Of My Life,Melanie C,0.406,0.526,1,-5.945,1,0.0278,0.0336,0.0,0.106,0.197,75.496,0
Liquid Dreams,O-Town,0.823,0.7,0,-5.042,0,0.035,0.0264,0.0,0.0531,0.75,108.019,1
Wrong Impression,Natalie Imbruglia,0.477,0.739,6,-5.606,1,0.0279,0.00944,0.0,0.179,0.265,100.137,0
Vanilla Twilight,Owl City,0.582,0.529,11,-7.637,1,0.0248,0.00961,0.000554,0.113,0.567,166.134,3
Soulmate,Natasha Bedingfield,0.486,0.589,3,-5.805,0,0.0385,0.462,0.0,0.109,0.331,170.049,3
All Good Things (Come To An End),Nelly Furtado,0.661,0.649,9,-7.668,0,0.0342,0.245,1.22e-05,0.11,0.388,100.893,1
Upside Down,Paloma Faith,0.617,0.844,9,-4.384,0,0.0764,0.0452,0.000189,0.0737,0.734,175.98,1
Stars Are Blind,Paris Hilton,0.745,0.695,2,-5.076,1,0.0271,0.00593,0.0,0.0615,0.519,102.014,5
"Mama Do (Uh Oh, Uh Oh)",Pixie Lott,0.451,0.873,3,-4.711,0,0.19,0.171,0.0,0.327,0.589,119.918,1
Miles Away,Madonna,0.782,0.71,0,-4.394,1,0.0382,0.0447,0.0,0.095,0.762,115.995,5
I Don't Believe You,P!nk,0.261,0.274,8,-9.04,1,0.0291,0.786,0.0,0.108,0.249,91.285,2
We Fit Together,O-Town,0.657,0.668,0,-7.289,1,0.045,0.0935,0.0,0.115,0.709,84.995,5
Samson,Regina Spektor,0.49,0.193,11,-9.544,1,0.0421,0.862,9.74e-06,0.113,0.184,89.154,2
Can't Touch It,Ricki-Lee,0.584,0.863,4,-3.707,0,0.194,0.000331,0.206,0.207,0.695,103.946,1
Single,Natasha Bedingfield,0.621,0.644,2,-5.624,1,0.115,0.0466,0.0,0.549,0.526,168.015,7
She Bangs - English Version,Ricky Martin,0.63,0.95,1,-4.012,1,0.0806,0.000915,6.51e-06,0.373,0.858,143.866,7
Break It Off,Rihanna,0.897,0.738,10,-5.314,0,0.228,0.0166,0.0,0.0573,0.798,133.966,1
Nothing in This World,Paris Hilton,0.724,0.772,11,-4.015,0,0.0328,0.00824,0.00454,0.0654,0.932,130.007,1
Cry Me Out,Pixie Lott,0.668,0.727,9,-4.719,1,0.0271,0.0746,3.6e-06,0.329,0.555,89.995,7
Sexed Up,Robbie Williams,0.541,0.447,0,-5.869,1,0.0244,0.121,0.0,0.137,0.237,76.965,0
Funhouse,P!nk,0.786,0.86,11,-2.985,0,0.036,0.0058,1.32e-06,0.0414,0.809,103.94,1
Hang With Me,Robyn,0.654,0.818,7,-6.152,1,0.035,0.00973,0.00122,0.107,0.245,114.97,0
Father And Son - New Steve Mac,Ronan Keating,0.607,0.421,9,-8.319,1,0.0308,0.464,0.0,0.218,0.302,71.959,0
Milk and Toast and Honey,Roxette,0.61,0.649,1,-6.688,1,0.0352,0.0717,2.69e-06,0.0549,0.708,141.643,5
Wild Horses,Natasha Bedingfield,0.42,0.229,0,-9.801,1,0.0324,0.867,0.0,0.0797,0.31,133.618,2
Gotta Tell You,Samantha Mumba,0.729,0.632,0,-8.75,0,0.0279,0.191,0.0,0.166,0.774,109.981,1
I Wish I Was a Punk Rocker (with Flowers in My Hair),Sandi Thom,0.7,0.465,4,-6.815,1,0.358,0.544,0.0,0.606,0.719,108.102,6
I Can't Decide,Scissor Sisters,0.69,0.807,3,-4.912,1,0.0326,0.239,0.0,0.205,0.869,96.991,5
Boys And Girls,Pixie Lott,0.714,0.8,1,-4.178,1,0.0538,0.0202,7.35e-06,0.171,0.766,129.989,5
Rudebox - Radio Edit,Robbie Williams,0.935,0.686,8,-6.998,1,0.305,0.0171,2.84e-06,0.353,0.666,109.99,6
Dear Mr. President (feat. Indigo Girls),P!nk,0.587,0.395,10,-7.283,1,0.0324,0.721,0.0,0.119,0.328,131.711,2
Handle Me,Robyn,0.654,0.724,1,-5.306,0,0.357,0.218,0.0,0.0803,0.872,126.563,6
This I Promise You,Ronan Keating,0.391,0.461,10,-8.789,1,0.0288,0.274,9.41e-06,0.161,0.417,166.089,3
Say Goodbye,S Club,0.531,0.474,7,-7.585,1,0.0296,0.0696,4.2e-06,0.0877,0.13,129.988,0
Natural - Single Version,S Club 7,0.722,0.658,9,-7.003,0,0.0316,0.178,4.95e-05,0.295,0.735,97.418,1
Always Come Back To Your Love,Samantha Mumba,0.744,0.797,8,-5.333,1,0.0328,0.0105,0.000624,0.0638,0.899,105.231,5
Don't Bother,Shakira,0.617,0.741,7,-4.094,1,0.0438,0.00632,0.00324,0.166,0.222,129.976,3
I'm Gonna Getcha Good! - Red Version,Shania Twain,0.738,0.772,1,-4.495,1,0.0303,0.0376,0.0,0.096,0.932,123.991,5
Gravity,Pixie Lott,0.602,0.811,0,-5.405,1,0.102,0.252,0.0,0.783,0.631,77.997,7
Advertising Space,Robbie Williams,0.546,0.607,0,-7.001,1,0.0262,0.0979,0.0,0.0967,0.115,112.085,0
Family Portrait - Radio Edit,P!nk,0.647,0.697,0,-5.75,0,0.145,0.0192,0.0,0.228,0.821,183.698,1
No U Hang Up,Shayne Ward,0.668,0.537,6,-5.551,1,0.0316,0.111,0.0,0.0819,0.655,98.013,5
Iris,Ronan Keating,0.44,0.581,1,-7.052,1,0.0284,0.0231,0.000996,0.103,0.252,155.051,3
Never Felt Like This Before,Shaznay Lewis,0.574,0.892,7,-4.537,1,0.0294,0.101,2.6e-05,0.0577,0.622,152.159,5
You,S Club 7,0.632,0.693,0,-6.056,1,0.0548,0.185,0.0,0.41,0.656,150.035,7
Baby Come On Over,Samantha Mumba,0.7,0.753,2,-6.543,0,0.0773,0.0561,4.51e-05,0.115,0.942,95.03,1
She Wolf,Shakira,0.865,0.69,7,-7.448,1,0.0444,0.289,0.0138,0.225,0.868,121.983,5
I'm Gonna Getcha Good,Shania Twain,0.723,0.789,1,-4.813,1,0.0302,0.0441,0.0,0.0612,0.946,124.013,5
T-Shirt,Shontelle,0.679,0.657,6,-6.222,1,0.0423,0.0219,0.0,0.295,0.363,86.984,0
Bodies,Robbie Williams,0.656,0.731,6,-6.045,0,0.0616,0.00703,6.52e-06,0.0651,0.785,95.008,1
Feel Good Time (feat. William Orbit),P!nk,0.558,0.823,10,-4.588,1,0.132,0.0102,9.45e-05,0.209,0.564,138.376,3
Breathless,Shayne Ward,0.507,0.58,2,-5.621,1,0.04,0.469,0.0,0.0721,0.493,123.934,0
She Believes (In Me),Ronan Keating,0.408,0.494,0,-5.86,1,0.0306,0.224,0.0,0.141,0.305,73.886,0
Breathe Me,Sia,0.552,0.643,0,-7.36,1,0.0327,0.0364,0.74,0.105,0.212,120.012,4
Lay Your Hands,Simon Webbe,0.57,0.661,5,-6.474,1,0.0306,0.0923,0.0,0.332,0.702,134.66,7
Sunrise,Simply Red,0.791,0.733,5,-5.123,0,0.029,0.00189,0.201,0.0859,0.917,105.987,1
Don't Dream It's Over,Sixpence None The Richer,0.549,0.651,5,-8.122,1,0.0265,0.0638,6.95e-05,0.0823,0.444,80.934,0
Sky,Sonique,0.607,0.758,9,-7.292,1,0.0341,0.0822,1.31e-06,0.153,0.733,143.142,5
Take Me Home (A Girl Like Me),Sophie Ellis-Bextor,0.625,0.859,9,-5.114,1,0.0302,0.00442,0.00141,0.084,0.914,122.808,5
I'm Yours,Jason Mraz,0.686,0.457,11,-8.322,1,0.0468,0.595,0.0,0.105,0.718,150.953,2
Memories,Maroon 5,0.764,0.32,11,-7.209,1,0.0546,0.837,0.0,0.0822,0.575,91.019,2
Memories,Maroon 5,0.764,0.32,11,-7.209,1,0.0546,0.837,0.0,0.0822,0.575,91.019,2
Memories,Maroon 5,0.764,0.32,11,-7.209,1,0.0546,0.837,0.0,0.0822,0.575,91.019,2
Memories,Maroon 5,0.764,0.32,11,-7.209,1,0.0546,0.837,0.0,0.0822,0.575,91.019,2
Memories,Maroon 5,0.764,0.32,11,-7.209,1,0.0546,0.837,0.0,0.0822,0.575,91.019,2
Memories,Maroon 5,0.764,0.32,11,-7.209,1,0.0546,0.837,0.0,0.0822,0.575,91.019,2
Memories,Maroon 5,0.764,0.32,11,-7.209,1,0.0546,0.837,0.0,0.0822,0.575,91.019,2
Memories,Maroon 5,0.764,0.32,11,-7.209,1,0.0546,0.837,0.0,0.0822,0.575,91.019,2
Memories,Maroon 5,0.764,0.32,11,-7.209,1,0.0546,0.837,0.0,0.0822,0.575,91.019,2
Someone You Loved,Lewis Capaldi,0.501,0.405,1,-5.679,1,0.0319,0.751,0.0,0.105,0.446,109.891,2
Perfect,Ed Sheeran,0.599,0.448,8,-6.312,1,0.0232,0.163,0.0,0.106,0.168,95.05,0
Perfect,Ed Sheeran,0.599,0.448,8,-6.312,1,0.0232,0.163,0.0,0.106,0.168,95.05,0
Perfect,Ed Sheeran,0.599,0.448,8,-6.312,1,0.0232,0.163,0.0,0.106,0.168,95.05,0
Perfect,Ed Sheeran,0.599,0.448,8,-6.312,1,0.0232,0.163,0.0,0.106,0.168,95.05,0
Perfect,Ed Sheeran,0.599,0.448,8,-6.312,1,0.0232,0.163,0.0,0.106,0.168,95.05,0
Perfect,Ed Sheeran,0.599,0.448,8,-6.312,1,0.0232,0.163,0.0,0.106,0.168,95.05,0
Perfect,Ed Sheeran,0.599,0.448,8,-6.312,1,0.0232,0.163,0.0,0.106,0.168,95.05,0
Perfect,Ed Sheeran,0.599,0.448,8,-6.312,1,0.0232,0.163,0.0,0.106,0.168,95.05,0
Perfect,Ed Sheeran,0.599,0.448,8,-6.312,1,0.0232,0.163,0.0,0.106,0.168,95.05,0
Shallow - Radio Edit,Lady Gaga,0.575,0.33,7,-6.557,1,0.031,0.416,0.0,0.0872,0.277,95.801,0
This City,Sam Fischer,0.602,0.377,11,-6.213,1,0.0446,0.731,0.0,0.0808,0.518,73.877,2
I'm Not The Only One,Sam Smith,0.453,0.496,5,-5.785,1,0.0453,0.554,2.65e-05,0.0772,0.501,80.994,0
All of Me,John Legend,0.422,0.264,8,-7.064,1,0.0322,0.922,0.0,0.132,0.331,119.93,2
All of Me,John Legend,0.422,0.264,8,-7.064,1,0.0322,0.922,0.0,0.132,0.331,119.93,2
All of Me,John Legend,0.422,0.264,8,-7.064,1,0.0322,0.922,0.0,0.132,0.331,119.93,2
All of Me,John Legend,0.422,0.264,8,-7.064,1,0.0322,0.922,0.0,0.132,0.331,119.93,2
Take Me to Church,Hozier,0.575,0.664,4,-5.303,0,0.0481,0.637,0.0,0.116,0.437,129.07,1
Walk Me Home,P!nk,0.652,0.453,1,-6.119,1,0.0445,0.0519,0.0,0.179,0.432,88.038,0
Let Her Go,Passenger,0.509,0.538,7,-7.335,1,0.0572,0.385,0.0,0.104,0.244,75.089,0
Falling Like The Stars,James Arthur,0.296,0.351,6,-9.538,1,0.0351,0.823,1.5e-06,0.11,0.19,177.596,2
Apologize,OneRepublic,0.593,0.74,8,-6.12,1,0.0339,0.363,2.22e-05,0.102,0.502,118.008,5
No One,Alicia Keys,0.644,0.548,1,-5.416,0,0.0286,0.0209,8.68e-06,0.134,0.166,90.042,0
If the World Was Ending - feat. Julia Michaels,JP Saxe,0.464,0.473,1,-10.086,1,0.129,0.866,0.0,0.109,0.604,75.801,2
Always Remember Us This Way,Lady Gaga,0.553,0.506,0,-5.967,1,0.0411,0.317,0.0,0.763,0.306,130.027,7
We Don't Talk Anymore (feat. Selena Gomez),Charlie Puth,0.728,0.563,1,-8.053,0,0.134,0.621,0.0,0.179,0.352,100.017,1
Just Give Me a Reason (feat. Nate Ruess),P!nk,0.778,0.547,2,-7.273,1,0.0489,0.346,0.000302,0.132,0.441,95.002,0
Just Give Me a Reason (feat. Nate Ruess),P!nk,0.778,0.547,2,-7.273,1,0.0489,0.346,0.000302,0.132,0.441,95.002,0
Just Give Me a Reason (feat. Nate Ruess),P!nk,0.778,0.547,2,-7.273,1,0.0489,0.346,0.000302,0.132,0.441,95.002,0
Just Give Me a Reason (feat. Nate Ruess),P!nk,0.778,0.547,2,-7.273,1,0.0489,0.346,0.000302,0.132,0.441,95.002,0
I'm Like A Bird - Recorded at Spotify Studios NYC,Alessia Cara,0.524,0.639,10,-7.18,1,0.103,0.238,0.0,0.0598,0.582,87.998,0
Crazy,Gnarls Barkley,0.855,0.587,8,-4.589,1,0.0336,0.0505,0.00714,0.105,0.64,111.97,5
"10,000 Hours (with Justin Bieber)",Dan + Shay,0.654,0.63,10,-4.644,1,0.0259,0.153,0.0,0.111,0.43,89.991,0
"10,000 Hours (with Justin Bieber)",Dan + Shay,0.654,0.63,10,-4.644,1,0.0259,0.153,0.0,0.111,0.43,89.991,0
"10,000 Hours (with Justin Bieber)",Dan + Shay,0.654,0.63,10,-4.644,1,0.0259,0.153,0.0,0.111,0.43,89.991,0
"10,000 Hours (with Justin Bieber)",Dan + Shay,0.654,0.63,10,-4.644,1,0.0259,0.153,0.0,0.111,0.43,89.991,0
Love Someone,Lukas Graham,0.55,0.415,9,-6.557,0,0.052,0.161,0.0,0.108,0.274,172.065,3
FourFiveSeconds,Rihanna,0.582,0.272,2,-5.662,1,0.0501,0.875,0.0,0.13,0.354,205.846,2
Almost (Sweet Music),Hozier,0.427,0.689,7,-5.589,1,0.135,0.021,1.69e-06,0.203,0.706,88.875,5
Something Just Like This,The Chainsmokers,0.617,0.635,11,-6.769,0,0.0317,0.0498,1.44e-05,0.164,0.446,103.019,1
Something Just Like This,The Chainsmokers,0.617,0.635,11,-6.769,0,0.0317,0.0498,1.44e-05,0.164,0.446,103.019,1
Something Just Like This,The Chainsmokers,0.617,0.635,11,-6.769,0,0.0317,0.0498,1.44e-05,0.164,0.446,103.019,1
Something Just Like This,The Chainsmokers,0.617,0.635,11,-6.769,0,0.0317,0.0498,1.44e-05,0.164,0.446,103.019,1
Dancing On My Own,Calum Scott,0.682,0.173,1,-8.749,1,0.0314,0.839,3.26e-05,0.0983,0.236,112.663,2
She Will Be Loved - Radio Mix,Maroon 5,0.651,0.663,0,-5.569,0,0.0281,0.228,0.0,0.0994,0.465,102.0,1
Girls Like You,Maroon 5,0.611,0.462,0,-7.054,1,0.0646,0.558,1.01e-06,0.131,0.377,59.635,0
Girls Like You,Maroon 5,0.611,0.462,0,-7.054,1,0.0646,0.558,1.01e-06,0.131,0.377,59.635,0
Girls Like You,Maroon 5,0.611,0.462,0,-7.054,1,0.0646,0.558,1.01e-06,0.131,0.377,59.635,0
Girls Like You,Maroon 5,0.611,0.462,0,-7.054,1,0.0646,0.558,1.01e-06,0.131,0.377,59.635,0
Rolling in the Deep,Adele,0.729,0.756,8,-5.119,1,0.0294,0.131,0.0,0.0527,0.522,104.945,5
Rolling in the Deep,Adele,0.729,0.756,8,-5.119,1,0.0294,0.131,0.0,0.0527,0.522,104.945,5
Rolling in the Deep,Adele,0.729,0.756,8,-5.119,1,0.0294,0.131,0.0,0.0527,0.522,104.945,5
Rolling in the Deep,Adele,0.729,0.756,8,-5.119,1,0.0294,0.131,0.0,0.0527,0.522,104.945,5
Shape of You,Ed Sheeran,0.825,0.652,1,-3.183,0,0.0802,0.581,0.0,0.0931,0.931,95.977,1
Shape of You,Ed Sheeran,0.825,0.652,1,-3.183,0,0.0802,0.581,0.0,0.0931,0.931,95.977,1
Shape of You,Ed Sheeran,0.825,0.652,1,-3.183,0,0.0802,0.581,0.0,0.0931,0.931,95.977,1
Shape of You,Ed Sheeran,0.825,0.652,1,-3.183,0,0.0802,0.581,0.0,0.0931,0.931,95.977,1
Shape of You,Ed Sheeran,0.825,0.652,1,-3.183,0,0.0802,0.581,0.0,0.0931,0.931,95.977,1
Shape of You,Ed Sheeran,0.825,0.652,1,-3.183,0,0.0802,0.581,0.0,0.0931,0.931,95.977,1
Shape of You,Ed Sheeran,0.825,0.652,1,-3.183,0,0.0802,0.581,0.0,0.0931,0.931,95.977,1
Shape of You,Ed Sheeran,0.825,0.652,1,-3.183,0,0.0802,0.581,0.0,0.0931,0.931,95.977,1
Shape of You,Ed Sheeran,0.825,0.652,1,-3.183,0,0.0802,0.581,0.0,0.0931,0.931,95.977,1
How to Save a Life,The Fray,0.64,0.743,10,-4.08,1,0.0379,0.269,0.0,0.101,0.361,122.035,5
Mercy,Shawn Mendes,0.568,0.686,11,-4.901,0,0.0903,0.133,0.0,0.11,0.4,148.294,3
Sign of the Times,Harry Styles,0.518,0.575,5,-4.616,1,0.0302,0.0259,0.0,0.109,0.209,120.019,0
Fix You,Coldplay,0.209,0.417,3,-8.74,1,0.0338,0.164,0.00196,0.113,0.124,138.178,3
A Thousand Years,Christina Perri,0.421,0.407,10,-7.445,1,0.0267,0.309,0.000961,0.11,0.161,139.028,3
Out Of Love,Alessia Cara,0.481,0.267,7,-9.249,1,0.0339,0.8,0.0,0.249,0.137,117.64,2
7 Years,Lukas Graham,0.765,0.473,10,-5.829,1,0.0514,0.287,0.0,0.391,0.34,119.992,7
7 Years,Lukas Graham,0.765,0.473,10,-5.829,1,0.0514,0.287,0.0,0.391,0.34,119.992,7
7 Years,Lukas Graham,0.765,0.473,10,-5.829,1,0.0514,0.287,0.0,0.391,0.34,119.992,7
7 Years,Lukas Graham,0.765,0.473,10,-5.829,1,0.0514,0.287,0.0,0.391,0.34,119.992,7
Free Spirit,Khalid,0.627,0.446,2,-9.477,0,0.0332,0.308,0.00077,0.111,0.11,139.994,2
Outnumbered,Dermot Kennedy,0.614,0.684,0,-5.79,1,0.157,0.247,0.0,0.0976,0.258,156.85,3
Light On,Maggie Rogers,0.657,0.569,2,-6.287,1,0.0542,0.201,1.38e-05,0.126,0.399,102.054,0
Rainbow,Kacey Musgraves,0.581,0.197,3,-7.697,1,0.0329,0.88,0.0,0.107,0.349,130.367,2
I Guess I Just Feel Like,John Mayer,0.556,0.528,4,-8.033,1,0.0266,0.615,0.0964,0.122,0.163,159.821,2
broken,lovelytheband,0.666,0.728,7,-5.808,1,0.0419,0.00175,4.26e-06,0.0429,0.51,122.996,5
Delicate,Taylor Swift,0.75,0.404,9,-10.178,0,0.0682,0.216,0.000357,0.0911,0.0499,95.045,0
Royals,Lorde,0.674,0.428,7,-9.504,1,0.122,0.121,0.0,0.132,0.337,84.878,0
Royals,Lorde,0.674,0.428,7,-9.504,1,0.122,0.121,0.0,0.132,0.337,84.878,0
Royals,Lorde,0.674,0.428,7,-9.504,1,0.122,0.121,0.0,0.132,0.337,84.878,0
Royals,Lorde,0.674,0.428,7,-9.504,1,0.122,0.121,0.0,0.132,0.337,84.878,0
The Middle,Zedd,0.753,0.657,7,-3.061,1,0.0449,0.171,0.0,0.112,0.437,107.01,5
The Middle,Zedd,0.753,0.657,7,-3.061,1,0.0449,0.171,0.0,0.112,0.437,107.01,5
The Middle,Zedd,0.753,0.657,7,-3.061,1,0.0449,0.171,0.0,0.112,0.437,107.01,5
The Middle,Zedd,0.753,0.657,7,-3.061,1,0.0449,0.171,0.0,0.112,0.437,107.01,5
Preach,John Legend,0.508,0.729,11,-5.712,0,0.0443,0.0681,0.0,0.1,0.412,91.906,1
Bad,James Bay,0.549,0.413,4,-5.587,1,0.0362,0.756,0.0,0.0939,0.29,139.981,2
Beyond,Leon Bridges,0.58,0.687,6,-5.4,1,0.106,0.229,0.0,0.109,0.187,76.014,0
Your Body Is a Wonderland,John Mayer,0.647,0.729,5,-6.251,1,0.0236,0.0206,0.0489,0.134,0.687,94.01,5
Someone Like You,Adele,0.559,0.33,9,-8.251,1,0.0285,0.892,0.0,0.0975,0.285,135.109,2
Scars To Your Beautiful,Alessia Cara,0.573,0.739,0,-5.74,1,0.129,0.0285,0.0,0.111,0.451,97.085,0
Rude,MAGIC!,0.743,0.807,1,-3.78,1,0.0364,0.0435,0.0,0.309,0.899,144.062,7
Hold Me While You Wait,Lewis Capaldi,0.688,0.53,11,-5.507,1,0.0333,0.443,0.0,0.0995,0.162,106.958,0
Thinking out Loud,Ed Sheeran,0.781,0.445,2,-6.061,1,0.0295,0.474,0.0,0.184,0.591,78.998,0
Thinking out Loud,Ed Sheeran,0.781,0.445,2,-6.061,1,0.0295,0.474,0.0,0.184,0.591,78.998,0
Thinking out Loud,Ed Sheeran,0.781,0.445,2,-6.061,1,0.0295,0.474,0.0,0.184,0.591,78.998,0
Thinking out Loud,Ed Sheeran,0.781,0.445,2,-6.061,1,0.0295,0.474,0.0,0.184,0.591,78.998,0
Too Good At Goodbyes,Sam Smith,0.515,0.378,5,-8.264,1,0.065,0.618,0.0,0.172,0.536,91.883,2
The Scientist,Coldplay,0.557,0.442,5,-7.224,1,0.0243,0.731,1.46e-05,0.11,0.213,146.277,2
Tequila,Dan + Shay,0.489,0.581,11,-5.731,1,0.0281,0.0312,0.0,0.132,0.494,86.016,0
Rewrite The Stars (with James Arthur & Anne-Marie),James Arthur,0.67,0.743,10,-4.993,1,0.0393,0.237,0.0,0.465,0.571,125.944,7
Just The Way You Are,Bruno Mars,0.637,0.843,5,-5.413,1,0.0432,0.0151,0.0,0.0876,0.434,109.012,5
You Say,Lauren Daigle,0.494,0.632,5,-6.89,1,0.0342,0.682,0.0,0.0869,0.0797,147.873,2
Be Alright,Dean Lewis,0.542,0.577,11,-6.356,1,0.0348,0.674,0.0,0.131,0.479,126.349,2
Take A Bow,Rihanna,0.697,0.467,9,-7.536,1,0.0715,0.248,0.0,0.0941,0.572,82.082,0
Love Yourself,Justin Bieber,0.795,0.378,4,-9.979,1,0.316,0.859,0.0,0.204,0.576,100.227,6
Ho Hey,The Lumineers,0.685,0.466,0,-9.074,1,0.0304,0.794,2.06e-06,0.0915,0.353,79.936,2
Ho Hey,The Lumineers,0.685,0.466,0,-9.074,1,0.0304,0.794,2.06e-06,0.0915,0.353,79.936,2
Ho Hey,The Lumineers,0.685,0.466,0,-9.074,1,0.0304,0.794,2.06e-06,0.0915,0.353,79.936,2
Ho Hey,The Lumineers,0.685,0.466,0,-9.074,1,0.0304,0.794,2.06e-06,0.0915,0.353,79.936,2
Waiting On the World to Change,John Mayer,0.577,0.756,2,-5.82,1,0.115,0.159,0.000232,0.249,0.663,176.75,3
Head Above Water,Avril Lavigne,0.578,0.694,5,-5.351,1,0.0706,0.0112,0.0,0.102,0.268,129.921,3
Meant to Be (feat. Florida Georgia Line),Bebe Rexha,0.643,0.783,10,-6.458,1,0.0856,0.047,0.0,0.083,0.579,154.084,5
Meant to Be (feat. Florida Georgia Line),Bebe Rexha,0.643,0.783,10,-6.458,1,0.0856,0.047,0.0,0.083,0.579,154.084,5
Meant to Be (feat. Florida Georgia Line),Bebe Rexha,0.643,0.783,10,-6.458,1,0.0856,0.047,0.0,0.083,0.579,154.084,5
Meant to Be (feat. Florida Georgia Line),Bebe Rexha,0.643,0.783,10,-6.458,1,0.0856,0.047,0.0,0.083,0.579,154.084,5
Meant to Be (feat. Florida Georgia Line),Bebe Rexha,0.643,0.783,10,-6.458,1,0.0856,0.047,0.0,0.083,0.579,154.084,5
Meant to Be (feat. Florida Georgia Line),Bebe Rexha,0.643,0.783,10,-6.458,1,0.0856,0.047,0.0,0.083,0.579,154.084,5
Meant to Be (feat. Florida Georgia Line),Bebe Rexha,0.643,0.783,10,-6.458,1,0.0856,0.047,0.0,0.083,0.579,154.084,5
Meant to Be (feat. Florida Georgia Line),Bebe Rexha,0.643,0.783,10,-6.458,1,0.0856,0.047,0.0,0.083,0.579,154.084,5
Meant to Be (feat. Florida Georgia Line),Bebe Rexha,0.643,0.783,10,-6.458,1,0.0856,0.047,0.0,0.083,0.579,154.084,5
Sugar,Maroon 5,0.748,0.788,1,-7.055,1,0.0334,0.0591,0.0,0.0863,0.884,120.076,5
Sugar,Maroon 5,0.748,0.788,1,-7.055,1,0.0334,0.0591,0.0,0.0863,0.884,120.076,5
Sugar,Maroon 5,0.748,0.788,1,-7.055,1,0.0334,0.0591,0.0,0.0863,0.884,120.076,5
Sugar,Maroon 5,0.748,0.788,1,-7.055,1,0.0334,0.0591,0.0,0.0863,0.884,120.076,5
Love Song,Sara Bareilles,0.583,0.786,2,-3.142,0,0.0301,0.0208,0.0,0.188,0.573,123.055,1
Home,Phillip Phillips,0.592,0.792,0,-5.884,1,0.0335,0.0215,0.0,0.159,0.293,121.001,0
Come On Get Higher,Matt Nathanson,0.672,0.623,9,-5.699,1,0.0297,0.241,0.0,0.0848,0.617,92.018,5
Put Your Records On,Corinne Bailey Rae,0.739,0.511,9,-7.844,1,0.0362,0.167,1.34e-06,0.133,0.542,96.038,0
I Don't Want to Be,Gavin DeGraw,0.423,0.862,0,-5.13,0,0.0695,0.00791,0.0,0.133,0.462,154.746,3
Marry You,Bruno Mars,0.62,0.832,10,-4.848,1,0.036,0.332,0.0,0.104,0.481,144.926,3
Send My Love (To Your New Lover),Adele,0.69,0.524,6,-8.39,0,0.103,0.0415,3.16e-06,0.17,0.562,164.023,1
Stay With Me,Sam Smith,0.479,0.419,0,-6.517,1,0.0389,0.568,0.000217,0.11,0.186,85.014,0
I Miss You (feat. Julia Michaels),Clean Bandit,0.693,0.624,0,-7.482,0,0.0448,0.299,7.64e-06,0.0955,0.369,105.002,1
Chasing Cars,Snow Patrol,0.563,0.592,9,-4.571,1,0.0276,0.209,5.08e-05,0.132,0.136,104.016,0
"Hey, Soul Sister",Train,0.675,0.885,1,-4.432,0,0.0436,0.217,0.0,0.086,0.768,97.03,1
Unwritten,Natasha Bedingfield,0.706,0.801,5,-6.333,1,0.0399,0.00577,0.0,0.0822,0.63,100.013,5
Magic,Coldplay,0.738,0.482,6,-8.917,0,0.0402,0.0266,0.621,0.106,0.352,93.457,4
Say You Won't Let Go,James Arthur,0.358,0.557,10,-7.398,1,0.059,0.695,0.0,0.0902,0.494,85.043,2
Say You Won't Let Go,James Arthur,0.358,0.557,10,-7.398,1,0.059,0.695,0.0,0.0902,0.494,85.043,2
Say You Won't Let Go,James Arthur,0.358,0.557,10,-7.398,1,0.059,0.695,0.0,0.0902,0.494,85.043,2
Say You Won't Let Go,James Arthur,0.358,0.557,10,-7.398,1,0.059,0.695,0.0,0.0902,0.494,85.043,2
I Like Me Better,Lauv,0.752,0.505,9,-7.621,1,0.253,0.535,2.55e-06,0.104,0.419,91.97,6
One Call Away,Charlie Puth,0.667,0.613,1,-5.353,1,0.0344,0.403,0.0,0.115,0.47,91.024,0
Better Together,Jack Johnson,0.868,0.347,5,-9.529,1,0.0536,0.308,2e-05,0.11,0.659,110.059,5
Lucky,Jason Mraz,0.623,0.417,0,-8.699,1,0.0354,0.296,0.0,0.135,0.721,130.032,5
"Love Me Like You Do - From ""Fifty Shades Of Grey""",Ellie Goulding,0.258,0.659,5,-5.903,0,0.0596,0.253,0.0,0.111,0.272,189.558,3
Issues,Julia Michaels,0.728,0.415,8,-6.852,1,0.0639,0.401,0.0,0.0616,0.455,114.145,0
Let It Go,James Bay,0.546,0.311,1,-10.396,1,0.0288,0.818,1.65e-05,0.107,0.246,147.464,2
Let It Go,James Bay,0.546,0.311,1,-10.396,1,0.0288,0.818,1.65e-05,0.107,0.246,147.464,2
Let It Go,James Bay,0.546,0.311,1,-10.396,1,0.0288,0.818,1.65e-05,0.107,0.246,147.464,2
Let It Go,James Bay,0.546,0.311,1,-10.396,1,0.0288,0.818,1.65e-05,0.107,0.246,147.464,2
Somebody Else,The 1975,0.61,0.788,0,-5.724,1,0.0585,0.195,0.0142,0.153,0.472,101.045,5
Stay,Rihanna,0.621,0.31,9,-10.164,0,0.0283,0.945,6.12e-05,0.117,0.125,111.893,2
Photograph,Ed Sheeran,0.614,0.379,4,-10.48,1,0.0476,0.607,0.000464,0.0986,0.201,107.989,2
"Free Fallin' - Live at the Nokia Theatre, Los Angeles, CA - December 2007",John Mayer,0.315,0.296,5,-13.262,1,0.0317,0.771,0.0,0.702,0.436,172.638,2
Budapest,George Ezra,0.717,0.455,5,-8.303,1,0.0276,0.0846,0.0,0.11,0.389,127.81,0
Home,Edward Sharpe & The Magnetic Zeros,0.542,0.589,2,-6.623,1,0.0318,0.292,0.000522,0.177,0.137,111.665,0
Feel It Still,Portugal. The Man,0.801,0.795,1,-5.115,0,0.0504,0.0417,0.000113,0.0717,0.754,79.028,1
Hello,Adele,0.481,0.451,5,-6.095,0,0.0347,0.336,0.0,0.0872,0.289,157.966,3
Hello,Adele,0.481,0.451,5,-6.095,0,0.0347,0.336,0.0,0.0872,0.289,157.966,3
Hello,Adele,0.481,0.451,5,-6.095,0,0.0347,0.336,0.0,0.0872,0.289,157.966,3
Hello,Adele,0.481,0.451,5,-6.095,0,0.0347,0.336,0.0,0.0872,0.289,157.966,3
Bleeding Love,Leona Lewis,0.638,0.656,5,-5.886,1,0.0357,0.188,0.0,0.146,0.225,104.036,0
Breakeven,The Script,0.63,0.698,10,-4.51,1,0.0244,0.173,0.0,0.0789,0.529,94.023,5
Fight Song,Rachel Platten,0.564,0.714,7,-4.987,1,0.129,0.0549,0.0,0.155,0.33,175.924,3
Fight Song,Rachel Platten,0.564,0.714,7,-4.987,1,0.129,0.0549,0.0,0.155,0.33,175.924,3
Fight Song,Rachel Platten,0.564,0.714,7,-4.987,1,0.129,0.0549,0.0,0.155,0.33,175.924,3
Fight Song,Rachel Platten,0.564,0.714,7,-4.987,1,0.129,0.0549,0.0,0.155,0.33,175.924,3
Counting Stars,OneRepublic,0.664,0.705,1,-4.972,0,0.0382,0.0654,0.0,0.115,0.477,122.017,1
Counting Stars,OneRepublic,0.664,0.705,1,-4.972,0,0.0382,0.0654,0.0,0.115,0.477,122.017,1
Counting Stars,OneRepublic,0.664,0.705,1,-4.972,0,0.0382,0.0654,0.0,0.115,0.477,122.017,1
Counting Stars,OneRepublic,0.664,0.705,1,-4.972,0,0.0382,0.0654,0.0,0.115,0.477,122.017,1
Sweater Weather,The Neighbourhood,0.695,0.615,7,-5.325,0,0.042,0.15,0.000212,0.0879,0.414,124.015,1
Halo,Beyoncé,0.508,0.72,11,-5.908,0,0.0628,0.272,0.0,0.0563,0.472,79.983,1
River,Leon Bridges,0.658,0.179,8,-10.866,1,0.0448,0.689,0.0,0.17,0.191,128.128,2
You And Me,Lifehouse,0.461,0.446,7,-7.703,1,0.0267,0.1,0.0,0.169,0.375,139.868,3
Yellow,Coldplay,0.429,0.661,11,-7.227,1,0.0281,0.00239,0.000121,0.234,0.285,173.372,3
Ghost,Ella Henderson,0.68,0.84,9,-3.823,1,0.0415,0.0457,8.38e-06,0.143,0.468,104.985,5
Please Don't Go,Joel Adams,0.513,0.768,4,-4.868,0,0.0587,0.0118,1.94e-05,0.294,0.235,84.264,1
Next To Me,Emeli Sandé,0.674,0.81,7,-5.117,0,0.0378,0.0923,4.74e-05,0.11,0.391,94.995,1
Rehab,Amy Winehouse,0.434,0.872,0,-2.974,1,0.0702,0.0473,1.83e-06,0.396,0.732,71.515,7
Back To December,Taylor Swift,0.529,0.67,2,-4.663,1,0.0303,0.117,0.0,0.334,0.286,141.893,3
The A Team,Ed Sheeran,0.642,0.289,9,-9.918,1,0.0367,0.669,0.0,0.18,0.407,84.996,2
September Song,JP Cooper,0.614,0.615,0,-6.7,0,0.0444,0.054,0.0,0.0921,0.374,95.941,1
When I Was Your Man,Bruno Mars,0.612,0.28,0,-8.648,1,0.0434,0.932,0.0,0.088,0.387,72.795,2
When I Was Your Man,Bruno Mars,0.612,0.28,0,-8.648,1,0.0434,0.932,0.0,0.088,0.387,72.795,2
When I Was Your Man,Bruno Mars,0.612,0.28,0,-8.648,1,0.0434,0.932,0.0,0.088,0.387,72.795,2
When I Was Your Man,Bruno Mars,0.612,0.28,0,-8.648,1,0.0434,0.932,0.0,0.088,0.387,72.795,2
Drops of Jupiter (Tell Me),Train,0.468,0.64,0,-5.862,1,0.0275,0.154,0.0,0.154,0.499,79.297,0
Rise Up,Andra Day,0.398,0.316,1,-7.031,1,0.0368,0.805,0.0,0.295,0.174,118.582,2
Somewhere Only We Know,Lily Allen,0.313,0.286,10,-10.593,1,0.0324,0.934,0.0451,0.0974,0.287,80.925,2
No Air,Jordin Sparks,0.466,0.759,8,-4.978,0,0.199,0.0521,0.0,0.0587,0.328,160.033,3
Brave,Sara Bareilles,0.551,0.836,10,-3.838,0,0.0524,0.00502,2.1e-05,0.0425,0.758,185.063,3
Ever the Same,Rob Thomas,0.435,0.729,1,-4.818,0,0.0307,0.0152,2.63e-05,0.11,0.524,188.017,3
Die A Happy Man,Thomas Rhett,0.595,0.389,2,-9.245,1,0.0349,0.418,1.39e-06,0.116,0.4,166.052,2
Lay Me Down,Sam Smith,0.59,0.451,4,-8.194,1,0.0417,0.336,0.0,0.103,0.334,129.729,0
Bubbly,Colbie Caillat,0.697,0.474,9,-6.663,1,0.0351,0.603,0.0,0.11,0.249,127.904,2
I Won't Give Up,Jason Mraz,0.585,0.303,4,-10.058,1,0.0398,0.694,0.0,0.115,0.142,136.703,2
Life Of The Party,Shawn Mendes,0.662,0.612,10,-4.993,1,0.0311,0.0509,0.0,0.0948,0.177,113.95,0
Love Somebody,Maroon 5,0.675,0.792,1,-6.303,1,0.0368,0.145,0.0,0.12,0.395,120.016,5
Best Day Of My Life,American Authors,0.673,0.902,2,-2.392,1,0.0346,0.0591,0.000262,0.0558,0.538,100.012,5
Paradise,Coldplay,0.449,0.585,5,-6.761,1,0.0268,0.0509,8.75e-05,0.0833,0.212,139.631,3
Bright,Echosmith,0.646,0.431,6,-8.517,1,0.0262,0.637,6.99e-06,0.113,0.292,90.034,2
If I Ain't Got You,Alicia Keys,0.609,0.445,7,-9.129,1,0.106,0.603,6.77e-06,0.104,0.166,118.393,2
Stolen Dance,Milky Chance,0.886,0.578,11,-8.826,1,0.0381,0.418,0.000181,0.0761,0.69,114.015,5
Demons,Imagine Dragons,0.505,0.71,3,-3.015,1,0.0321,0.19,0.00025,0.329,0.428,89.938,7
Somebody That I Used To Know,Gotye,0.864,0.495,0,-7.036,1,0.037,0.591,0.000133,0.0992,0.72,129.062,5
Somebody That I Used To Know,Gotye,0.864,0.495,0,-7.036,1,0.037,0.591,0.000133,0.0992,0.72,129.062,5
Somebody That I Used To Know,Gotye,0.864,0.495,0,-7.036,1,0.037,0.591,0.000133,0.0992,0.72,129.062,5
Somebody That I Used To Know,Gotye,0.864,0.495,0,-7.036,1,0.037,0.591,0.000133,0.0992,0.72,129.062,5
New Soul,Yael Naim,0.769,0.371,0,-8.522,1,0.0326,0.733,3.73e-05,0.106,0.653,100.001,2
100 Years,Five For Fighting,0.643,0.569,7,-7.459,1,0.0276,0.544,2.17e-05,0.178,0.275,120.507,0
All I Want,Kodaline,0.209,0.412,0,-9.733,1,0.0443,0.172,0.15,0.0843,0.162,86.26,0
Because of You,Kelly Clarkson,0.583,0.584,5,-5.362,0,0.0314,0.254,0.0,0.123,0.136,140.039,3
Skinny Love,Birdy,0.379,0.29,4,-8.485,1,0.051,0.952,0.00106,0.118,0.169,166.467,2
The Lazy Song,Bruno Mars,0.738,0.804,11,-3.851,1,0.0621,0.332,0.0,0.279,0.949,174.943,7
I Try,Macy Gray,0.559,0.637,2,-7.495,1,0.0321,0.304,0.000195,0.0783,0.782,152.885,5
If You're Gone,Matchbox Twenty,0.544,0.659,9,-7.191,1,0.0298,0.427,1.33e-06,0.126,0.361,109.933,0
The Reason,Hoobastank,0.472,0.671,4,-4.649,1,0.029,0.0129,0.0,0.159,0.0681,82.952,0
Say Something,A Great Big World,0.407,0.147,2,-8.822,1,0.0355,0.857,2.89e-06,0.0913,0.0765,141.284,2
Say Something,A Great Big World,0.407,0.147,2,-8.822,1,0.0355,0.857,2.89e-06,0.0913,0.0765,141.284,2
Say Something,A Great Big World,0.407,0.147,2,-8.822,1,0.0355,0.857,2.89e-06,0.0913,0.0765,141.284,2
Say Something,A Great Big World,0.407,0.147,2,-8.822,1,0.0355,0.857,2.89e-06,0.0913,0.0765,141.284,2
Sweet Creature,Harry Styles,0.427,0.262,7,-8.541,1,0.0276,0.746,0.0,0.068,0.228,104.085,2
Here Without You,3 Doors Down,0.544,0.55,10,-6.756,0,0.0248,0.0541,0.0,0.243,0.246,144.028,3
Jar of Hearts,Christina Perri,0.349,0.348,3,-6.142,1,0.0316,0.726,0.0,0.12,0.0886,74.541,2
Lost Boy,Ruth B.,0.71,0.0565,7,-15.099,1,0.0534,0.965,0.0,0.0889,0.348,123.994,2
Praying,Kesha,0.576,0.39,10,-7.202,1,0.0297,0.491,0.0,0.111,0.319,73.433,0
Like I'm Gonna Lose You (feat. John Legend),Meghan Trainor,0.63,0.53,0,-7.259,1,0.0434,0.4,0.0,0.177,0.417,108.038,0
Story of My Life,One Direction,0.6,0.663,3,-5.802,1,0.0477,0.225,0.0,0.119,0.286,121.07,0
Love Someone,Jason Mraz,0.579,0.363,7,-14.185,1,0.0308,0.306,0.00692,0.111,0.0754,97.955,2
XO,John Mayer,0.431,0.377,2,-9.753,1,0.0288,0.749,0.0,0.211,0.353,173.67,2
Latch - Acoustic,Sam Smith,0.389,0.294,8,-5.429,1,0.0277,0.977,0.00393,0.107,0.243,88.636,2
One Headlight,The Wallflowers,0.701,0.539,2,-8.968,1,0.0277,0.000655,0.005,0.0589,0.752,107.531,5
Set Fire to the Rain,Adele,0.61,0.683,2,-3.879,0,0.0253,0.00382,1.79e-06,0.125,0.466,108.003,1
Set Fire to the Rain,Adele,0.61,0.683,2,-3.879,0,0.0253,0.00382,1.79e-06,0.125,0.466,108.003,1
Set Fire to the Rain,Adele,0.61,0.683,2,-3.879,0,0.0253,0.00382,1.79e-06,0.125,0.466,108.003,1
Set Fire to the Rain,Adele,0.61,0.683,2,-3.879,0,0.0253,0.00382,1.79e-06,0.125,0.466,108.003,1
Glory (From the Motion Picture Selma),Common,0.567,0.587,9,-5.626,0,0.0417,0.867,0.0,0.13,0.572,83.046,1
Mr. Jones,Counting Crows,0.578,0.817,0,-6.542,1,0.0363,0.183,3.06e-06,0.285,0.726,141.621,7
Use Somebody,Kings of Leon,0.276,0.715,0,-5.356,1,0.0432,0.00552,0.000417,0.201,0.173,137.028,3
Heaven,Los Lonely Boys,0.664,0.862,6,-5.403,1,0.0679,0.378,4.19e-06,0.0824,0.782,91.91,5
You're Beautiful,James Blunt,0.679,0.54,0,-7.457,0,0.026,0.603,1.7e-05,0.0905,0.449,81.971,0
This Love,Maroon 5,0.712,0.862,5,-4.612,0,0.0378,0.0525,0.0,0.093,0.809,95.051,1
Jealous,Labrinth,0.435,0.155,1,-8.948,1,0.046,0.873,0.0,0.107,0.0935,128.532,2
Wherever You Will Go,The Calling,0.558,0.719,2,-5.113,1,0.0267,0.0367,0.0,0.115,0.371,112.027,0
Push,Matchbox Twenty,0.42,0.672,6,-7.902,1,0.027,0.0067,0.0,0.108,0.476,168.019,3
Jolene,Ray LaMontagne,0.588,0.142,7,-15.196,1,0.0329,0.863,0.000162,0.0953,0.288,119.656,2
Safe & Sound - from The Hunger Games Soundtrack,Taylor Swift,0.471,0.3,7,-10.807,1,0.028,0.883,1.05e-05,0.0698,0.289,144.319,2
Almost Lover,A Fine Frenzy,0.549,0.24,0,-7.778,1,0.0338,0.947,0.0,0.106,0.167,119.58,2
Superman (It's Not Easy),Five For Fighting,0.382,0.416,0,-9.303,1,0.0302,0.0733,0.0,0.0719,0.125,102.089,0
Up&Up,Coldplay,0.479,0.717,7,-5.459,1,0.0605,0.0488,0.000333,0.102,0.253,163.989,3
Marvin Gaye (feat. Meghan Trainor),Charlie Puth,0.795,0.616,1,-5.281,0,0.06,0.417,0.0,0.349,0.815,110.015,1
I'll Be,Edwin McCain,0.371,0.609,11,-5.524,1,0.0295,0.386,0.0,0.104,0.426,136.526,3
Calling All Angels,Train,0.454,0.839,3,-5.368,1,0.0441,0.0746,0.0,0.279,0.529,166.166,3
Only Love,Ben Howard,0.545,0.485,8,-9.941,1,0.151,0.3,0.00137,0.119,0.341,80.401,0
Don't,Ed Sheeran,0.806,0.608,1,-7.008,1,0.0659,0.0113,0.0,0.635,0.849,95.049,7
A New Day Has Come,Céline Dion,0.436,0.333,6,-9.869,1,0.0354,0.722,9.61e-06,0.187,0.0609,119.483,2
When We Were Young,Adele,0.381,0.594,3,-5.97,1,0.0486,0.348,0.0,0.0925,0.273,143.86,3
human,Christina Perri,0.439,0.489,8,-6.286,1,0.0368,0.132,0.000643,0.114,0.253,143.808,3
Drift Away,Uncle Kracker,0.583,0.66,11,-5.078,1,0.0377,0.181,0.0,0.0979,0.861,151.956,5
Fidelity,Regina Spektor,0.923,0.518,5,-6.008,1,0.0492,0.52,0.000142,0.104,0.682,93.023,5
I Choose You,Sara Bareilles,0.731,0.572,6,-7.889,0,0.0445,0.105,0.00012,0.133,0.947,154.038,1
Lego House,Ed Sheeran,0.592,0.637,11,-8.48,1,0.0992,0.562,0.0,0.13,0.565,159.701,3
Unconditionally,Katy Perry,0.555,0.729,7,-4.813,1,0.0387,0.00357,0.0,0.209,0.369,129.003,3
Keep Your Head Up,Andy Grammer,0.666,0.78,7,-5.177,1,0.0404,0.044,0.0,0.128,0.795,90.004,5
A Thousand Miles,Vanessa Carlton,0.56,0.825,11,-3.862,1,0.0379,0.323,0.0,0.161,0.268,94.931,0
I'm Like A Bird,Nelly Furtado,0.622,0.608,10,-5.085,1,0.036,0.138,5.38e-06,0.273,0.607,89.661,0
Young And Beautiful,Lana Del Rey,0.324,0.416,11,-8.92,0,0.0368,0.262,3.69e-05,0.11,0.151,113.986,3
Barcelona,George Ezra,0.629,0.572,5,-9.332,1,0.0307,0.32,0.000853,0.109,0.182,93.997,0
Drive,Oh Wonder,0.671,0.456,9,-8.313,1,0.0943,0.732,3.49e-06,0.0829,0.388,141.737,2
Girl on Fire,Alicia Keys,0.482,0.706,9,-5.762,1,0.0609,0.135,0.00106,0.105,0.144,92.494,0
Irreplaceable,Beyoncé,0.576,0.697,10,-4.192,1,0.326,0.0286,1.15e-06,0.167,0.501,175.906,6
Let It All Go,Birdy,0.383,0.43,10,-8.644,1,0.0302,0.817,1.04e-06,0.0869,0.174,107.005,2
Riptide,Vance Joy,0.484,0.731,1,-6.694,1,0.0379,0.431,0.0,0.151,0.51,101.654,0
Over My Head (Cable Car),The Fray,0.592,0.729,8,-4.156,1,0.0448,0.022,0.0,0.0653,0.709,116.03,5
Iris,The Goo Goo Dolls,0.315,0.715,11,-8.072,0,0.0362,0.00125,7.97e-06,0.0942,0.497,155.925,3
Chocolate,The 1975,0.591,0.94,11,-4.341,1,0.0522,0.00391,0.0,0.383,0.676,100.043,7
It Will Rain,Bruno Mars,0.574,0.824,2,-6.885,1,0.0463,0.359,0.0,0.0816,0.434,149.981,3
One,Ed Sheeran,0.464,0.321,2,-11.12,1,0.0418,0.877,0.0,0.0789,0.306,93.528,2
Haven't Met You Yet,Michael Bublé,0.615,0.733,8,-4.808,1,0.0335,0.152,0.0,0.109,0.796,122.58,5
Can't Help Falling In Love,Kina Grannis,0.266,0.0596,0,-18.515,1,0.0363,0.905,7.07e-05,0.132,0.143,181.74,2
Not Over You,Gavin DeGraw,0.63,0.894,10,-4.592,1,0.0544,0.255,0.0,0.181,0.364,142.051,3
We Are Young (feat. Janelle Monáe),fun.,0.378,0.638,10,-5.576,1,0.075,0.02,7.66e-05,0.0849,0.735,184.086,3
We Are Young (feat. Janelle Monáe),fun.,0.378,0.638,10,-5.576,1,0.075,0.02,7.66e-05,0.0849,0.735,184.086,3
We Are Young (feat. Janelle Monáe),fun.,0.378,0.638,10,-5.576,1,0.075,0.02,7.66e-05,0.0849,0.735,184.086,3
We Are Young (feat. Janelle Monáe),fun.,0.378,0.638,10,-5.576,1,0.075,0.02,7.66e-05,0.0849,0.735,184.086,3
It's Time,Imagine Dragons,0.656,0.884,2,-4.748,1,0.0372,0.0162,0.0,0.145,0.86,105.009,5
Girls Chase Boys,Ingrid Michaelson,0.473,0.82,8,-5.702,1,0.0408,0.031,1.55e-05,0.0414,0.678,84.893,5
Banana Pancakes,Jack Johnson,0.816,0.375,7,-8.053,1,0.0996,0.607,8.66e-06,0.0933,0.615,114.303,2
Love Me Now,John Legend,0.488,0.762,8,-3.842,1,0.0865,0.591,0.0,0.0763,0.709,123.889,5
Make You Feel My Love,Adele,0.325,0.18,10,-10.647,1,0.0311,0.91,0.000633,0.113,0.0997,72.416,2
Always Be My Baby,Mariah Carey,0.65,0.531,4,-8.335,1,0.0364,0.457,0.0,0.249,0.487,78.946,0
Realize,Colbie Caillat,0.693,0.594,1,-6.408,1,0.0325,0.13,0.0,0.115,0.192,123.932,0
Stuck In A Moment You Can't Get Out Of,U2,0.526,0.665,4,-4.997,1,0.0243,0.407,0.000271,0.169,0.285,158.493,3
Big Yellow Taxi,Counting Crows,0.672,0.872,1,-4.324,1,0.0486,0.00241,0.0,0.16,0.848,88.047,5
Meet Virginia,Train,0.675,0.553,7,-7.775,1,0.0486,0.0863,7.58e-06,0.118,0.594,90.02,0
"Happy - From ""Despicable Me 2""",Pharrell Williams,0.647,0.822,5,-4.662,0,0.183,0.219,0.0,0.0908,0.962,160.019,1
"Happy - From ""Despicable Me 2""",Pharrell Williams,0.647,0.822,5,-4.662,0,0.183,0.219,0.0,0.0908,0.962,160.019,1
"Happy - From ""Despicable Me 2""",Pharrell Williams,0.647,0.822,5,-4.662,0,0.183,0.219,0.0,0.0908,0.962,160.019,1
"Happy - From ""Despicable Me 2""",Pharrell Williams,0.647,0.822,5,-4.662,0,0.183,0.219,0.0,0.0908,0.962,160.019,1
Her Diamonds,Rob Thomas,0.555,0.924,7,-4.93,1,0.0604,0.0159,0.0,0.075,0.865,87.606,5
Slide,The Goo Goo Dolls,0.395,0.843,8,-4.476,1,0.0374,0.00483,0.0,0.0404,0.481,112.423,3
Little Things,One Direction,0.707,0.222,7,-11.716,1,0.0329,0.788,0.0,0.205,0.556,110.095,2
1234,Feist,0.71,0.484,2,-7.415,1,0.049,0.217,3.93e-06,0.0879,0.576,109.951,0
Taking Chances,Céline Dion,0.266,0.536,2,-5.613,1,0.0357,0.0198,0.0,0.157,0.25,176.063,3
Good Life,OneRepublic,0.634,0.69,6,-7.804,1,0.052,0.0771,0.0,0.132,0.645,94.988,5
Thunder,Imagine Dragons,0.605,0.822,0,-4.833,1,0.0438,0.00671,0.134,0.147,0.288,167.997,3
The Cave,Mumford & Sons,0.595,0.506,4,-9.682,1,0.0388,0.0464,0.000138,0.107,0.346,141.981,3
You Found Me,The Fray,0.338,0.803,8,-5.412,0,0.0413,0.0187,0.0,0.136,0.4,151.994,3
3AM,Matchbox Twenty,0.521,0.673,8,-8.685,1,0.0284,0.00573,0.0,0.12,0.543,108.031,0
Name,The Goo Goo Dolls,0.464,0.701,9,-5.943,1,0.0341,0.0691,0.00182,0.0766,0.407,73.97,0
Collide,Howie Day,0.636,0.625,11,-7.895,1,0.0277,0.222,5.35e-05,0.119,0.342,93.931,0
Home,Michael Bublé,0.608,0.37,7,-9.207,1,0.0306,0.844,1.87e-05,0.112,0.349,127.631,2
Too Much To Ask,Niall Horan,0.443,0.533,0,-6.548,1,0.0396,0.371,0.0,0.128,0.201,77.344,0
Beautiful Day,U2,0.539,0.926,2,-6.495,1,0.0499,0.014,0.00136,0.36,0.454,136.279,7
Complicated,Avril Lavigne,0.585,0.776,5,-5.898,1,0.0459,0.0572,7.74e-06,0.3,0.427,77.987,0
Home,Daughtry,0.443,0.853,6,-3.885,1,0.0361,0.00217,1.77e-06,0.198,0.338,143.986,3
Mine,Taylor Swift,0.624,0.757,7,-2.94,1,0.0296,0.00265,1.87e-06,0.189,0.658,121.07,5
Dance Monkey - Stripped Back,Tones And I,0.664,0.212,6,-7.762,0,0.046,0.931,0.0,0.102,0.574,83.245,2
Dance Monkey,Tones And I,0.824,0.588,6,-6.4,0,0.0924,0.692,0.000104,0.149,0.513,98.027,1
Girls Like You,Maroon 5,0.611,0.462,0,-7.054,1,0.0646,0.558,1.01e-06,0.131,0.377,59.635,0
On My Way,Alan Walker,0.509,0.689,1,-4.929,0,0.102,0.0209,0.0,0.301,0.297,170.087,3
Señorita,Shawn Mendes,0.759,0.54,9,-6.039,0,0.0287,0.037,0.0,0.0945,0.75,116.947,1
Señorita,Shawn Mendes,0.759,0.54,9,-6.039,0,0.0287,0.037,0.0,0.0945,0.75,116.947,1
Señorita,Shawn Mendes,0.759,0.54,9,-6.039,0,0.0287,0.037,0.0,0.0945,0.75,116.947,1
Señorita,Shawn Mendes,0.759,0.54,9,-6.039,0,0.0287,0.037,0.0,0.0945,0.75,116.947,1
Shake It Off,Taylor Swift,0.647,0.8,7,-5.384,1,0.165,0.0647,0.0,0.334,0.942,160.078,7
Don't Wanna Know (feat. Kendrick Lamar),Maroon 5,0.783,0.61,7,-6.124,1,0.0696,0.343,0.0,0.0983,0.418,100.047,0
Love Yourself,Justin Bieber,0.609,0.378,4,-9.828,1,0.438,0.835,0.0,0.28,0.515,100.418,6
Love Yourself,Justin Bieber,0.609,0.378,4,-9.828,1,0.438,0.835,0.0,0.28,0.515,100.418,6
Love Yourself,Justin Bieber,0.609,0.378,4,-9.828,1,0.438,0.835,0.0,0.28,0.515,100.418,6
Love Yourself,Justin Bieber,0.609,0.378,4,-9.828,1,0.438,0.835,0.0,0.28,0.515,100.418,6
Cheap Thrills,Sia,0.628,0.698,6,-5.608,0,0.105,0.0472,0.00143,0.0907,0.732,89.976,1
One More Night,Maroon 5,0.716,0.821,5,-3.435,0,0.0314,0.0558,0.0,0.0844,0.618,92.997,1
Don't Let Me Down,Milky Chance,0.854,0.675,0,-7.32,1,0.06,0.346,9.88e-05,0.12,0.73,109.955,5
Kill Em With Kindness,Selena Gomez,0.757,0.884,10,-5.488,0,0.0404,0.00795,5.87e-05,0.0973,0.398,120.012,1
no tears left to cry,Ariana Grande,0.699,0.713,9,-5.507,0,0.0594,0.04,3.11e-06,0.294,0.354,121.993,1
no tears left to cry,Ariana Grande,0.699,0.713,9,-5.507,0,0.0594,0.04,3.11e-06,0.294,0.354,121.993,1
no tears left to cry,Ariana Grande,0.699,0.713,9,-5.507,0,0.0594,0.04,3.11e-06,0.294,0.354,121.993,1
no tears left to cry,Ariana Grande,0.699,0.713,9,-5.507,0,0.0594,0.04,3.11e-06,0.294,0.354,121.993,1
Love Me Like You Do,Ellie Goulding,0.489,0.597,5,-6.633,0,0.0292,0.27,0.0,0.105,0.324,95.012,0
We Don't Talk Anymore (feat. Selena Gomez),Charlie Puth,0.728,0.563,1,-8.053,0,0.134,0.621,0.0,0.179,0.352,100.017,1
Treat You Better,Shawn Mendes,0.444,0.819,10,-4.078,0,0.341,0.106,0.0,0.107,0.747,82.695,6
Look What You Made Me Do,Taylor Swift,0.766,0.709,9,-6.471,0,0.123,0.204,1.41e-05,0.126,0.506,128.07,1
Happier,Marshmello,0.687,0.792,5,-2.749,1,0.0452,0.191,0.0,0.167,0.671,100.015,5
Let Me Love You,DJ Snake,0.649,0.716,8,-5.371,1,0.0349,0.0863,2.63e-05,0.135,0.163,99.988,0
Old Town Road,Lil Nas X,0.907,0.53,1,-6.112,1,0.127,0.0578,2.23e-06,0.101,0.507,135.998,5
bad guy,Billie Eilish,0.701,0.425,7,-10.965,1,0.375,0.328,0.13,0.1,0.562,135.128,6
bad guy,Billie Eilish,0.701,0.425,7,-10.965,1,0.375,0.328,0.13,0.1,0.562,135.128,6
bad guy,Billie Eilish,0.701,0.425,7,-10.965,1,0.375,0.328,0.13,0.1,0.562,135.128,6
bad guy,Billie Eilish,0.701,0.425,7,-10.965,1,0.375,0.328,0.13,0.1,0.562,135.128,6
7 rings,Ariana Grande,0.778,0.317,1,-10.732,0,0.334,0.592,0.0,0.0881,0.327,140.048,6
Symphony (feat. Zara Larsson),Clean Bandit,0.707,0.629,0,-4.581,0,0.0563,0.259,1.6e-05,0.138,0.457,122.863,1
COPYCAT,Billie Eilish,0.679,0.388,4,-10.977,0,0.0932,0.353,9.25e-05,0.341,0.234,124.909,2
breathin,Ariana Grande,0.568,0.656,8,-5.413,1,0.0433,0.0211,1.37e-05,0.213,0.364,100.049,0
Sign of the Times,Harry Styles,0.516,0.595,5,-4.63,1,0.0313,0.0275,0.0,0.109,0.222,119.972,0
Sorry,Justin Bieber,0.654,0.76,0,-3.669,0,0.045,0.0797,0.0,0.299,0.41,99.945,1
Sorry,Justin Bieber,0.654,0.76,0,-3.669,0,0.045,0.0797,0.0,0.299,0.41,99.945,1
Sorry,Justin Bieber,0.654,0.76,0,-3.669,0,0.045,0.0797,0.0,0.299,0.41,99.945,1
Sorry,Justin Bieber,0.654,0.76,0,-3.669,0,0.045,0.0797,0.0,0.299,0.41,99.945,1
God is a woman,Ariana Grande,0.602,0.658,1,-5.934,1,0.0558,0.0233,6e-05,0.237,0.268,145.031,3
Darkside,Alan Walker,0.43,0.606,4,-5.115,0,0.0431,0.131,0.0,0.173,0.123,169.988,3
Dusk Till Dawn - Radio Edit,ZAYN,0.258,0.437,11,-6.593,0,0.039,0.101,1.27e-06,0.106,0.0967,180.043,3
Walk Me Home,P!nk,0.652,0.453,1,-6.119,1,0.0445,0.0519,0.0,0.179,0.432,88.038,0
Dance To This (feat. Ariana Grande),Troye Sivan,0.736,0.756,11,-7.099,1,0.047,0.00632,0.00577,0.106,0.712,117.016,5
TiK ToK,Kesha,0.755,0.837,2,-2.718,0,0.142,0.0991,0.0,0.289,0.714,120.028,1
Need You Now,Lady A,0.587,0.622,4,-5.535,1,0.0303,0.0927,0.000636,0.2,0.231,107.943,0
"Hey, Soul Sister",Train,0.673,0.886,1,-4.44,0,0.0431,0.185,0.0,0.0826,0.795,97.012,1
California Gurls,Katy Perry,0.791,0.754,0,-3.729,1,0.0569,0.00446,0.0,0.163,0.425,125.014,5
OMG (feat. will.i.am),Usher,0.781,0.745,4,-5.81,0,0.0332,0.198,1.14e-05,0.36,0.326,129.998,1
Airplanes (feat. Hayley Williams),B.o.B,0.66,0.867,6,-4.285,0,0.116,0.11,0.0,0.0368,0.377,93.033,1
Love The Way You Lie,Eminem,0.749,0.925,10,-5.034,1,0.227,0.241,0.0,0.52,0.641,86.989,7
Bad Romance,Lady Gaga,0.696,0.921,0,-3.755,1,0.0363,0.00314,5.24e-05,0.0842,0.714,119.001,5
Dynamite,Taio Cruz,0.754,0.804,4,-3.177,1,0.0853,0.00332,0.0,0.0329,0.818,119.968,5
Break Your Heart,Taio Cruz,0.666,0.899,8,-4.676,1,0.028,0.00155,0.0,0.0677,0.629,122.05,5
Nothin' on You (feat. Bruno Mars),B.o.B,0.688,0.853,10,-5.814,1,0.0493,0.386,0.0,0.0862,0.743,103.993,5
I Like It,Enrique Iglesias,0.646,0.94,10,-2.856,0,0.0838,0.0209,0.0,0.0691,0.704,129.011,1
BedRock,Young Money,0.733,0.664,8,-6.163,1,0.295,0.102,0.0,0.191,0.557,148.005,6
In My Head,Jason Derulo,0.762,0.748,0,-4.15,0,0.033,0.0266,0.0,0.348,0.851,110.009,1
Rude Boy,Rihanna,0.563,0.75,11,-4.496,1,0.127,0.113,0.0,0.0788,0.812,173.906,3
Telephone,Lady Gaga,0.825,0.832,5,-5.853,0,0.0403,0.00587,0.000789,0.114,0.713,122.021,1
Teenage Dream,Katy Perry,0.719,0.804,10,-4.581,1,0.0355,0.0132,3.02e-06,0.139,0.605,119.999,5
Just the Way You Are,Bruno Mars,0.637,0.843,5,-5.413,1,0.0432,0.0151,0.0,0.0876,0.434,109.012,5
Cooler Than Me,Mike Posner,0.837,0.515,7,-4.065,0,0.0793,0.103,0.0,0.233,0.769,129.001,1
Imma Be,Black Eyed Peas,0.597,0.517,0,-6.963,1,0.365,0.179,0.0,0.307,0.412,92.035,6
Party Rock Anthem,LMFAO,0.75,0.727,5,-4.21,0,0.142,0.0189,0.0,0.266,0.359,129.993,1
Firework,Katy Perry,0.638,0.826,8,-4.968,1,0.0479,0.139,0.0,0.0803,0.649,124.072,5
E.T.,Katy Perry,0.62,0.869,1,-5.252,1,0.175,0.0181,0.0,0.369,0.76,151.684,7
"Give Me Everything (feat. Ne-Yo, Afrojack & Nayer)",Pitbull,0.671,0.939,8,-3.206,1,0.161,0.192,0.0,0.298,0.529,129.023,7
Grenade,Bruno Mars,0.706,0.558,2,-7.237,0,0.0593,0.146,0.0,0.118,0.227,110.443,1
Forget You,CeeLo Green,0.696,0.875,0,-3.682,1,0.0649,0.134,0.0,0.159,0.772,127.39,5
Super Bass,Nicki Minaj,0.72,0.861,11,-4.339,1,0.209,0.269,5.11e-06,0.601,0.669,126.991,7
Moves Like Jagger,Maroon 5,0.72,0.748,11,-4.468,0,0.0464,0.0124,0.0,0.312,0.614,128.008,1
Just Can't Get Enough (The Black Eyed Peas Remake),Kings of Pop,0.557,0.557,8,-7.388,1,0.214,0.482,0.0,0.179,0.188,93.958,0
On The Floor,Jennifer Lopez,0.73,0.777,3,-5.199,0,0.0479,0.108,0.000467,0.069,0.591,130.0,1
S&M,Rihanna,0.766,0.682,1,-5.02,1,0.0419,0.0113,0.00016,0.104,0.833,127.966,5
Pumped Up Kicks,Foster The People,0.733,0.71,5,-5.849,0,0.0292,0.145,0.115,0.0956,0.965,127.975,1
Last Friday Night (T.G.I.F.),Katy Perry,0.649,0.815,3,-3.796,0,0.0415,0.00125,4.31e-05,0.671,0.765,126.03,7
Tonight (I'm Lovin' You),Enrique Iglesias,0.659,0.882,5,-4.623,0,0.0465,0.0258,9.2e-06,0.144,0.314,125.985,1
Raise Your Glass,P!nk,0.7,0.709,7,-5.006,1,0.0839,0.0048,0.0,0.0289,0.625,122.019,5
Born This Way,Lady Gaga,0.587,0.828,11,-5.108,1,0.161,0.00327,0.0,0.331,0.494,123.907,7
What's My Name?,Rihanna,0.695,0.782,2,-2.967,1,0.0629,0.223,0.0,0.0773,0.595,99.992,5
Look At Me Now (feat. Lil' Wayne & Busta Rhymes),Chris Brown,0.767,0.677,11,-6.128,0,0.184,0.0339,5.51e-06,0.144,0.538,146.155,1
Down On Me,Jeremih,0.7,0.598,2,-7.783,1,0.114,0.0369,0.0,0.111,0.594,160.041,5
Call Me Maybe,Carly Rae Jepsen,0.783,0.58,7,-6.548,1,0.0408,0.0114,2.28e-06,0.108,0.66,120.021,5
Payphone,Maroon 5,0.739,0.756,4,-4.828,1,0.0394,0.0136,0.0,0.37,0.523,110.028,7
Every Time You Go,Ellie Goulding,0.622,0.791,5,-5.404,0,0.0303,0.0307,0.0,0.128,0.458,108.976,1
Glad You Came,The Wanted,0.61,0.841,7,-4.579,0,0.0692,0.056,9.85e-06,0.118,0.431,126.889,1
Stronger (What Doesn't Kill You),Kelly Clarkson,0.562,0.939,0,-4.282,1,0.0475,0.046,0.0,0.112,0.684,116.044,5
We Found Love,Rihanna,0.734,0.766,1,-4.485,1,0.0383,0.025,0.00138,0.108,0.6,127.986,5
Starships,Nicki Minaj,0.747,0.716,11,-2.457,0,0.075,0.135,0.0,0.251,0.751,125.008,1
What Makes You Beautiful,One Direction,0.729,0.771,4,-2.451,1,0.0725,0.00761,0.0,0.087,0.873,125.011,5
Wild Ones (feat. Sia),Flo Rida,0.608,0.86,5,-5.324,0,0.0554,0.0991,0.0,0.262,0.437,127.075,1
Sexy And I Know It,LMFAO,0.707,0.861,7,-4.225,1,0.316,0.1,0.0,0.191,0.795,130.021,6
Some Nights,fun.,0.672,0.738,0,-7.045,1,0.0506,0.0178,6.75e-05,0.0927,0.392,107.938,5
Wide Awake,Katy Perry,0.514,0.683,5,-5.099,1,0.0367,0.0749,2.64e-06,0.392,0.575,159.814,7
Good Feeling,Flo Rida,0.706,0.89,1,-4.444,0,0.0688,0.0588,0.00286,0.306,0.684,128.011,1
Whistle,Flo Rida,0.747,0.937,0,-5.746,1,0.0453,0.0208,0.0,0.29,0.739,103.976,7
One More Night,Maroon 5,0.718,0.82,5,-3.453,0,0.0323,0.0444,0.0,0.0846,0.613,92.998,1
Drive By,Train,0.765,0.837,1,-3.113,0,0.032,0.00107,1.06e-05,0.0801,0.721,122.028,1
The Motto,Drake,0.766,0.442,1,-8.558,1,0.356,0.000107,6.12e-05,0.111,0.39,201.8,6
Thrift Shop (feat. Wanz),Macklemore & Ryan Lewis,0.781,0.526,6,-6.985,0,0.293,0.0619,0.0,0.0457,0.662,94.992,6
Blurred Lines,Robin Thicke,0.853,0.599,7,-4.756,1,0.0411,0.00334,7.93e-06,0.0759,0.843,119.993,5
Radioactive,Imagine Dragons,0.448,0.784,9,-3.686,1,0.0627,0.106,0.000108,0.668,0.236,136.245,7
Harlem Shake,Baauer,0.452,0.794,0,-5.151,1,0.0483,0.0111,0.00182,0.416,0.282,137.825,7
Can't Hold Us - feat. Ray Dalton,Macklemore & Ryan Lewis,0.641,0.922,2,-4.457,1,0.0786,0.0291,0.0,0.0862,0.847,146.078,5
Mirrors,Justin Timberlake,0.574,0.512,5,-6.664,0,0.0503,0.234,0.0,0.0946,0.512,76.899,0
Cruise,Florida Georgia Line,0.457,0.948,10,-3.364,1,0.0354,0.0191,0.0,0.0536,0.878,148.0,5
Roar,Katy Perry,0.554,0.772,7,-4.821,0,0.0418,0.00487,6.6e-06,0.354,0.455,179.984,3
Locked out of Heaven,Bruno Mars,0.726,0.698,5,-4.165,1,0.0431,0.049,0.0,0.309,0.867,143.994,7
Stay,Rihanna,0.621,0.31,9,-10.164,0,0.0283,0.945,6.12e-05,0.117,0.125,111.893,2
Get Lucky (feat. Pharrell Williams & Nile Rodgers),Daft Punk,0.81,0.793,6,-9.404,0,0.0403,0.0378,1.82e-06,0.072,0.863,116.049,1
I Knew You Were Trouble.,Taylor Swift,0.622,0.469,3,-6.798,0,0.0363,0.00454,2.25e-06,0.0335,0.679,77.019,1
We Can't Stop,Miley Cyrus,0.613,0.622,1,-5.794,0,0.0334,0.00882,0.0,0.37,0.484,80.003,1
Wrecking Ball,Miley Cyrus,0.53,0.422,5,-6.262,1,0.0342,0.407,0.0,0.107,0.349,119.964,0
Wake Me Up,Avicii,0.532,0.783,2,-5.697,1,0.0523,0.0038,0.0012,0.161,0.643,124.08,5
Suit & Tie (feat. Jay-Z),Justin Timberlake,0.795,0.596,11,-3.799,0,0.219,0.103,0.0,0.164,0.357,101.985,1
Dark Horse,Katy Perry,0.645,0.585,6,-6.122,1,0.0513,0.00314,0.0,0.165,0.353,131.931,3
Fancy,Iggy Azalea,0.912,0.716,10,-4.141,0,0.0697,0.0904,0.0,0.0491,0.377,94.981,1
Talk Dirty (feat. 2 Chainz),Jason Derulo,0.76,0.652,6,-7.321,1,0.232,0.0348,0.0,0.307,0.759,100.315,6
Rude,MAGIC!,0.774,0.756,1,-4.995,1,0.0389,0.0423,0.0,0.305,0.931,144.032,7
All About That Bass,Meghan Trainor,0.807,0.887,9,-3.726,1,0.0503,0.0573,2.87e-06,0.124,0.961,134.052,5
Problem,Ariana Grande,0.66,0.805,1,-5.352,0,0.153,0.0192,8.83e-06,0.159,0.625,103.008,1
Stay With Me,Sam Smith,0.418,0.42,0,-6.444,1,0.0414,0.588,6.39e-05,0.11,0.184,84.094,0
Timber (feat. Ke$ha),Pitbull,0.581,0.963,11,-4.087,1,0.0981,0.0295,0.0,0.139,0.788,129.992,5
Pompeii,Bastille,0.679,0.715,9,-6.383,1,0.0407,0.0755,0.0,0.271,0.571,127.435,7
Shake It Off,Taylor Swift,0.648,0.785,7,-5.414,1,0.165,0.0561,0.0,0.148,0.943,160.02,5
Am I Wrong,Nico & Vinz,0.729,0.675,8,-6.003,1,0.0312,0.175,1.58e-06,0.55,0.779,119.968,7
Turn Down for What,DJ Snake,0.818,0.799,1,-4.1,0,0.156,0.00107,0.128,0.057,0.0815,100.014,1
The Monster,Eminem,0.781,0.853,1,-3.68,0,0.0715,0.0525,0.0,0.12,0.624,110.049,1
Team,Lorde,0.69,0.578,6,-7.436,1,0.0929,0.167,0.0,0.305,0.416,99.961,0
Let Her Go,Passenger,0.479,0.545,7,-7.346,1,0.0688,0.365,0.0,0.0963,0.243,74.897,0
Uptown Funk (feat. Bruno Mars),Mark Ronson,0.856,0.609,0,-7.223,1,0.0824,0.00801,8.15e-05,0.0344,0.928,114.988,5
See You Again (feat. Charlie Puth),Wiz Khalifa,0.689,0.481,10,-7.503,1,0.0815,0.369,1.03e-06,0.0649,0.283,80.025,0
Trap Queen,Fetty Wap,0.746,0.873,7,-3.803,1,0.128,0.0244,0.0,0.354,0.817,148.075,7
Shut Up and Dance,WALK THE MOON,0.578,0.866,1,-3.804,1,0.0619,0.00701,0.0,0.257,0.619,128.038,7
Blank Space,Taylor Swift,0.76,0.703,5,-5.412,1,0.054,0.103,0.0,0.0913,0.57,95.997,5
Watch Me (Whip / Nae Nae),Silentó,0.821,0.759,8,-8.541,1,0.121,0.247,0.0,0.321,0.962,140.01,7
"Earned It (Fifty Shades Of Grey) - From The ""Fifty Shades Of Grey"" Soundtrack",The Weeknd,0.659,0.381,2,-5.922,0,0.0304,0.385,0.0,0.0972,0.426,119.844,1
The Hills,The Weeknd,0.585,0.564,0,-7.063,0,0.0515,0.0671,0.0,0.135,0.137,113.003,0
Cheerleader - Felix Jaehn Remix Radio Edit,OMI,0.78,0.68,4,-6.081,1,0.0305,0.141,1.2e-05,0.138,0.594,118.026,5
Can't Feel My Face,The Weeknd,0.705,0.769,9,-5.526,0,0.0425,0.113,0.0,0.105,0.583,107.949,1
"Love Me Like You Do - From ""Fifty Shades Of Grey""",Ellie Goulding,0.475,0.606,8,-6.646,1,0.0346,0.247,0.0,0.125,0.282,94.994,0
Take Me to Church,Hozier,0.566,0.664,4,-5.303,0,0.0464,0.634,0.0,0.116,0.437,128.945,1
Bad Blood,Taylor Swift,0.652,0.802,7,-6.114,1,0.181,0.0871,6.45e-06,0.148,0.295,170.157,3
Lean On,Major Lazer,0.723,0.809,7,-3.081,0,0.0625,0.00346,0.00123,0.565,0.274,98.007,7
Want to Want Me,Jason Derulo,0.775,0.68,0,-5.508,0,0.0629,0.00906,0.0,0.109,0.656,114.025,1
Where Are Ü Now (with Justin Bieber),Jack Ü,0.432,0.781,4,-4.038,0,0.0567,0.041,4.21e-06,0.0789,0.197,139.432,3
679 (feat. Remy Boyz),Fetty Wap,0.618,0.717,7,-5.738,1,0.318,0.00256,0.0,0.625,0.603,190.05,6
One Dance,Drake,0.792,0.625,1,-5.609,1,0.0536,0.00776,0.0018,0.329,0.37,103.967,7
Work,Rihanna,0.725,0.534,11,-6.238,1,0.0946,0.0752,0.0,0.0919,0.558,91.974,5
Stressed Out,Twenty One Pilots,0.734,0.637,4,-5.677,0,0.141,0.0462,2.29e-05,0.0602,0.648,169.977,1
Panda,Desiigner,0.685,0.731,10,-5.503,0,0.414,0.0292,0.0,0.369,0.266,145.245,6
Don't Let Me Down (feat. Daya) - Illenium Remix,The Chainsmokers,0.428,0.656,11,-3.712,1,0.075,0.0751,0.181,0.15,0.355,79.648,0
Closer,The Chainsmokers,0.748,0.524,8,-5.599,1,0.0338,0.414,0.0,0.111,0.661,95.01,5
Cheap Thrills,Sia,0.628,0.698,6,-5.608,0,0.105,0.0472,0.00143,0.0907,0.732,89.976,1
Needed Me,Rihanna,0.671,0.314,5,-8.091,0,0.244,0.11,0.0,0.0825,0.296,110.898,6
My House,Flo Rida,0.688,0.702,7,-4.792,0,0.0499,0.0215,0.0,0.128,0.74,94.006,1
I Took A Pill In Ibiza,Mike Posner,0.637,0.318,10,-10.07,1,0.0716,0.622,1.58e-06,0.125,0.383,74.11,2
Work from Home (feat. Ty Dolla $ign),Fifth Harmony,0.803,0.585,8,-5.861,1,0.0432,0.103,3.94e-06,0.0644,0.593,105.017,5
This Is What You Came For (feat. Rihanna),Calvin Harris,0.63,0.928,9,-2.787,0,0.0331,0.199,0.124,0.148,0.465,123.963,1
Cake By The Ocean,DNCE,0.774,0.753,4,-5.446,0,0.0517,0.152,0.0,0.0371,0.896,119.002,1
"Me, Myself & I",G-Eazy,0.757,0.672,0,-6.524,0,0.0955,0.0186,0.0,0.158,0.382,111.996,1
Ride,Twenty One Pilots,0.645,0.713,6,-5.355,1,0.0393,0.00835,0.0,0.113,0.566,74.989,5
Heathens,Twenty One Pilots,0.732,0.396,4,-9.348,0,0.0286,0.0841,3.58e-05,0.105,0.548,90.024,1
Despacito - Remix,Luis Fonsi,0.653,0.816,2,-4.353,1,0.167,0.228,0.0,0.0967,0.816,178.085,5
That's What I Like,Bruno Mars,0.853,0.56,1,-4.961,1,0.0406,0.013,0.0,0.0944,0.86,134.066,5
HUMBLE.,Kendrick Lamar,0.908,0.621,1,-6.638,0,0.102,0.000282,5.39e-05,0.0958,0.421,150.011,1
Bad and Boujee (feat. Lil Uzi Vert),Migos,0.927,0.665,11,-5.313,1,0.244,0.061,0.0,0.123,0.175,127.076,6
Body Like A Back Road,Sam Hunt,0.732,0.458,5,-7.225,1,0.0311,0.447,0.0,0.136,0.661,98.938,0
Believer,Imagine Dragons,0.776,0.78,10,-4.374,0,0.128,0.0622,0.0,0.081,0.666,124.949,1
Congratulations,Post Malone,0.63,0.804,6,-4.183,1,0.0363,0.215,0.0,0.253,0.492,123.146,7
"I'm the One (feat. Justin Bieber, Quavo, Chance the Rapper & Lil Wayne)",DJ Khaled,0.599,0.667,7,-4.267,1,0.0367,0.0533,0.0,0.134,0.817,80.984,5
XO Tour Llif3,Lil Uzi Vert,0.732,0.75,11,-6.366,0,0.231,0.00264,0.0,0.109,0.401,155.096,6
Mask Off,Future,0.833,0.434,2,-8.795,1,0.431,0.0102,0.0219,0.165,0.281,150.062,6
Unforgettable,French Montana,0.726,0.769,6,-5.043,1,0.123,0.0293,0.0101,0.104,0.733,97.985,5
24K Magic,Bruno Mars,0.818,0.803,1,-4.282,1,0.0797,0.034,0.0,0.153,0.632,106.97,5
Stay,Zedd,0.69,0.622,5,-5.025,0,0.0622,0.253,0.0,0.116,0.544,102.04,1
Wild Thoughts (feat. Rihanna & Bryson Tiller),DJ Khaled,0.613,0.681,8,-3.089,1,0.0778,0.0287,0.0,0.126,0.619,97.621,5
Black Beatles,Rae Sremmurd,0.794,0.632,0,-6.163,1,0.0649,0.142,0.0,0.128,0.355,145.926,5
Starboy,The Weeknd,0.679,0.587,7,-7.015,1,0.276,0.141,6.35e-06,0.137,0.486,186.003,6
Location,Khalid,0.736,0.449,1,-11.462,0,0.425,0.33,0.000162,0.0898,0.326,80.126,6
God's Plan,Drake,0.754,0.449,7,-9.211,1,0.109,0.0332,8.29e-05,0.552,0.357,77.169,7
Havana (feat. Young Thug),Camila Cabello,0.765,0.523,2,-4.333,1,0.03,0.184,3.56e-05,0.132,0.394,104.988,0
rockstar (feat. 21 Savage),Post Malone,0.585,0.52,5,-6.136,0,0.0712,0.124,7.01e-05,0.131,0.129,159.801,3
Psycho (feat. Ty Dolla $ign),Post Malone,0.75,0.56,8,-8.094,1,0.105,0.546,0.0,0.111,0.459,140.06,2
I Like It,Cardi B,0.816,0.726,5,-3.998,0,0.129,0.099,0.0,0.372,0.65,136.048,1
In My Feelings,Drake,0.835,0.626,1,-5.833,1,0.125,0.0589,6e-05,0.396,0.35,91.03,7
Nice For What,Drake,0.585,0.909,8,-6.474,1,0.0707,0.0891,9.7e-05,0.119,0.758,93.372,5
Lucid Dreams,Juice WRLD,0.511,0.566,6,-7.23,0,0.2,0.349,0.0,0.34,0.218,83.903,6
Better Now,Post Malone,0.68,0.578,10,-5.804,1,0.04,0.331,0.0,0.135,0.341,145.038,3
Finesse - Remix; feat. Cardi B,Bruno Mars,0.704,0.859,5,-4.877,0,0.0996,0.0185,0.0,0.0215,0.926,105.115,1
Boo'd Up,Ella Mai,0.561,0.779,10,-5.107,0,0.0531,0.0862,0.0,0.078,0.235,81.965,1
New Rules,Dua Lipa,0.762,0.7,9,-6.021,0,0.0694,0.00261,1.56e-05,0.153,0.608,116.073,1
SAD!,XXXTENTACION,0.74,0.613,8,-4.88,1,0.145,0.258,0.00372,0.123,0.473,75.023,0
Never Be the Same,Camila Cabello,0.637,0.713,0,-4.333,1,0.0747,0.181,0.000637,0.137,0.243,129.923,0
Love Lies (with Normani),Khalid,0.708,0.648,6,-5.626,1,0.0449,0.0956,0.0,0.134,0.338,143.955,3
Truth Hurts,Lizzo,0.715,0.624,4,-3.046,0,0.114,0.11,0.0,0.123,0.412,158.087,1
Someone You Loved,Lewis Capaldi,0.501,0.405,1,-5.679,1,0.0319,0.751,0.0,0.105,0.446,109.891,2
Circles,Post Malone,0.695,0.762,0,-3.497,1,0.0395,0.192,0.00244,0.0863,0.553,120.042,5
No Guidance (feat. Drake),Chris Brown,0.698,0.454,1,-6.756,0,0.151,0.123,0.0,0.155,0.137,92.932,0
HIGHEST IN THE ROOM,Travis Scott,0.598,0.427,7,-8.764,0,0.0317,0.0546,5.83e-06,0.21,0.0605,76.469,0
Ransom,Lil Tecca,0.745,0.642,7,-6.257,0,0.287,0.0204,0.0,0.0658,0.226,179.974,6
Panini,Lil Nas X,0.703,0.594,5,-6.146,0,0.0752,0.342,0.0,0.123,0.475,153.848,1
Bandit (with YoungBoy Never Broke Again),Juice WRLD,0.474,0.631,5,-5.884,0,0.343,0.0687,0.0,0.132,0.425,180.051,6
Goodbyes (feat. Young Thug),Post Malone,0.548,0.653,5,-3.875,1,0.081,0.456,0.0,0.103,0.163,150.068,3
Beautiful People (feat. Khalid),Ed Sheeran,0.64,0.648,5,-8.113,0,0.187,0.124,0.0,0.0802,0.548,92.977,1
I Don't Care (with Justin Bieber),Ed Sheeran,0.798,0.675,6,-5.041,1,0.0442,0.0912,0.0,0.0894,0.842,101.956,5
Old Town Road - Remix,Lil Nas X,0.878,0.619,6,-5.56,1,0.102,0.0533,0.0,0.113,0.639,136.041,5
Lights Up,Harry Styles,0.585,0.62,3,-8.09,0,0.0327,0.0426,0.00224,0.15,0.281,101.939,0
Talk (feat. Disclosure),Khalid,0.901,0.4,0,-8.575,1,0.126,0.051,0.0,0.0599,0.346,135.984,5
Sunflower - Spider-Man: Into the Spider-Verse,Post Malone,0.76,0.479,2,-5.574,1,0.0466,0.556,0.0,0.0703,0.913,89.911,5
Good as Hell,Lizzo,0.682,0.919,0,-3.18,0,0.0875,0.256,0.0,0.442,0.535,95.982,7
